time;vehicle;bicycle;person;site;cameraCode
2022-09-12T01:00:00Z;4;2;46;ConsellDeCent EnriqueGranados;110_6
2022-09-12T01:00:00Z;22;7;69;Valencia Girona;110_3
2022-09-12T01:00:00Z;13;0;3;Valencia Rocafort;110_1
2022-09-12T01:00:00Z;14;10;18;ConsellDeCent Girona;110_8
2022-09-12T01:00:00Z;13;2;19;ConsellDeCent Rocafort;110_4
2022-09-12T01:00:00Z;28;7;32;Valencia EnriqueGranados;110_2
2022-09-12T01:00:00Z;24;4;22;ConsellDeCent CompteBorrell;110_5
2022-09-12T01:05:00Z;46;6;31;ConsellDeCent CompteBorrell;110_5
2022-09-12T01:05:00Z;24;15;75;Valencia Girona;110_3
2022-09-12T01:05:00Z;2;6;38;ConsellDeCent EnriqueGranados;110_6
2022-09-12T01:05:00Z;16;3;6;Valencia Rocafort;110_1
2022-09-12T01:05:00Z;45;13;39;Valencia EnriqueGranados;110_2
2022-09-12T01:05:00Z;9;11;46;ConsellDeCent Rocafort;110_4
2022-09-12T01:05:00Z;11;10;36;ConsellDeCent Girona;110_8
2022-09-12T01:10:00Z;45;11;32;Valencia EnriqueGranados;110_2
2022-09-12T01:10:00Z;14;16;52;ConsellDeCent Girona;110_8
2022-09-12T01:10:00Z;17;1;4;Valencia Rocafort;110_1
2022-09-12T01:10:00Z;17;10;61;Valencia Girona;110_3
2022-09-12T01:10:00Z;4;3;20;ConsellDeCent Rocafort;110_4
2022-09-12T01:10:00Z;6;4;52;ConsellDeCent EnriqueGranados;110_6
2022-09-12T01:10:00Z;60;1;31;ConsellDeCent CompteBorrell;110_5
2022-09-12T01:15:00Z;10;4;37;ConsellDeCent Rocafort;110_4
2022-09-12T01:15:00Z;21;1;5;Valencia Rocafort;110_1
2022-09-12T01:15:00Z;6;5;13;ConsellDeCent Girona;110_8
2022-09-12T01:15:00Z;19;9;68;Valencia Girona;110_3
2022-09-12T01:15:00Z;38;2;13;ConsellDeCent CompteBorrell;110_5
2022-09-12T01:15:00Z;8;7;58;ConsellDeCent EnriqueGranados;110_6
2022-09-12T01:15:00Z;60;10;50;Valencia EnriqueGranados;110_2
2022-09-12T01:20:00Z;34;7;52;Valencia Girona;110_3
2022-09-12T01:20:00Z;10;5;25;ConsellDeCent EnriqueGranados;110_6
2022-09-12T01:20:00Z;18;1;10;ConsellDeCent CompteBorrell;110_5
2022-09-12T01:20:00Z;15;11;34;ConsellDeCent Rocafort;110_4
2022-09-12T01:20:00Z;64;10;40;Valencia EnriqueGranados;110_2
2022-09-12T01:20:00Z;22;3;3;Valencia Rocafort;110_1
2022-09-12T01:20:00Z;13;5;35;ConsellDeCent Girona;110_8
2022-09-12T01:25:00Z;44;1;40;Valencia Girona;110_3
2022-09-12T01:25:00Z;10;1;31;ConsellDeCent Rocafort;110_4
2022-09-12T01:25:00Z;15;0;4;Valencia Rocafort;110_1
2022-09-12T01:25:00Z;13;7;55;ConsellDeCent EnriqueGranados;110_6
2022-09-12T01:25:00Z;60;2;18;ConsellDeCent CompteBorrell;110_5
2022-09-12T01:25:00Z;51;3;26;Valencia EnriqueGranados;110_2
2022-09-12T01:25:00Z;11;9;33;ConsellDeCent Girona;110_8
2022-09-12T01:30:00Z;23;2;35;Valencia EnriqueGranados;110_2
2022-09-12T01:30:00Z;13;0;1;Valencia Rocafort;110_1
2022-09-12T01:30:00Z;22;1;8;ConsellDeCent CompteBorrell;110_5
2022-09-12T01:30:00Z;28;4;32;Valencia Girona;110_3
2022-09-12T01:30:00Z;11;1;34;ConsellDeCent Rocafort;110_4
2022-09-12T01:30:00Z;13;3;5;ConsellDeCent Girona;110_8
2022-09-12T01:30:00Z;9;8;34;ConsellDeCent EnriqueGranados;110_6
2022-09-12T01:35:00Z;10;0;1;Valencia Rocafort;110_1
2022-09-12T01:35:00Z;21;3;48;Valencia Girona;110_3
2022-09-12T01:35:00Z;5;8;20;ConsellDeCent EnriqueGranados;110_6
2022-09-12T01:35:00Z;40;5;33;Valencia EnriqueGranados;110_2
2022-09-12T01:35:00Z;12;11;21;ConsellDeCent Girona;110_8
2022-09-12T01:35:00Z;19;1;4;ConsellDeCent CompteBorrell;110_5
2022-09-12T01:35:00Z;2;0;22;ConsellDeCent Rocafort;110_4
2022-09-12T01:40:00Z;11;3;14;ConsellDeCent Girona;110_8
2022-09-12T01:40:00Z;7;8;33;ConsellDeCent Rocafort;110_4
2022-09-12T01:40:00Z;14;3;20;Valencia EnriqueGranados;110_2
2022-09-12T01:40:00Z;4;3;8;ConsellDeCent EnriqueGranados;110_6
2022-09-12T01:40:00Z;21;9;28;Valencia Girona;110_3
2022-09-12T01:40:00Z;10;0;3;Valencia Rocafort;110_1
2022-09-12T01:40:00Z;24;0;3;ConsellDeCent CompteBorrell;110_5
2022-09-12T01:45:00Z;5;10;27;ConsellDeCent EnriqueGranados;110_6
2022-09-12T01:45:00Z;12;0;2;Valencia Rocafort;110_1
2022-09-12T01:45:00Z;31;1;15;ConsellDeCent CompteBorrell;110_5
2022-09-12T01:45:00Z;24;9;23;Valencia EnriqueGranados;110_2
2022-09-12T01:45:00Z;10;9;18;ConsellDeCent Girona;110_8
2022-09-12T01:45:00Z;11;11;29;ConsellDeCent Rocafort;110_4
2022-09-12T01:45:00Z;16;6;56;Valencia Girona;110_3
2022-09-12T01:50:00Z;32;6;48;Valencia Girona;110_3
2022-09-12T01:50:00Z;3;1;13;ConsellDeCent Rocafort;110_4
2022-09-12T01:50:00Z;46;1;14;ConsellDeCent CompteBorrell;110_5
2022-09-12T01:50:00Z;44;9;25;Valencia EnriqueGranados;110_2
2022-09-12T01:50:00Z;10;6;8;ConsellDeCent Girona;110_8
2022-09-12T01:50:00Z;11;0;3;Valencia Rocafort;110_1
2022-09-12T01:50:00Z;11;9;38;ConsellDeCent EnriqueGranados;110_6
2022-09-12T01:55:00Z;16;3;21;Valencia Girona;110_3
2022-09-12T01:55:00Z;16;4;11;ConsellDeCent Girona;110_8
2022-09-12T01:55:00Z;49;0;15;ConsellDeCent CompteBorrell;110_5
2022-09-12T01:55:00Z;3;1;12;ConsellDeCent Rocafort;110_4
2022-09-12T01:55:00Z;2;1;4;ConsellDeCent EnriqueGranados;110_6
2022-09-12T01:55:00Z;30;2;23;Valencia EnriqueGranados;110_2
2022-09-12T01:55:00Z;17;1;4;Valencia Rocafort;110_1
2022-09-12T02:00:00Z;15;0;2;Valencia Rocafort;110_1
2022-09-12T02:00:00Z;9;0;3;ConsellDeCent Girona;110_8
2022-09-12T02:00:00Z;8;5;20;ConsellDeCent EnriqueGranados;110_6
2022-09-12T02:00:00Z;19;5;23;Valencia EnriqueGranados;110_2
2022-09-12T02:00:00Z;26;1;10;ConsellDeCent CompteBorrell;110_5
2022-09-12T02:00:00Z;30;5;33;Valencia Girona;110_3
2022-09-12T02:00:00Z;11;4;11;ConsellDeCent Rocafort;110_4
2022-09-12T02:05:00Z;16;4;13;ConsellDeCent Girona;110_8
2022-09-12T02:05:00Z;6;6;40;ConsellDeCent EnriqueGranados;110_6
2022-09-12T02:05:00Z;9;0;7;ConsellDeCent Rocafort;110_4
2022-09-12T02:05:00Z;30;5;20;Valencia EnriqueGranados;110_2
2022-09-12T02:05:00Z;47;1;15;ConsellDeCent CompteBorrell;110_5
2022-09-12T02:05:00Z;16;0;1;Valencia Rocafort;110_1
2022-09-12T02:05:00Z;20;3;28;Valencia Girona;110_3
2022-09-12T02:10:00Z;18;1;3;Valencia Rocafort;110_1
2022-09-12T02:10:00Z;7;0;10;ConsellDeCent EnriqueGranados;110_6
2022-09-12T02:10:00Z;3;0;10;ConsellDeCent Rocafort;110_4
2022-09-12T02:10:00Z;38;8;28;Valencia EnriqueGranados;110_2
2022-09-12T02:10:00Z;21;5;47;Valencia Girona;110_3
2022-09-12T02:10:00Z;9;1;6;ConsellDeCent Girona;110_8
2022-09-12T02:10:00Z;44;2;3;ConsellDeCent CompteBorrell;110_5
2022-09-12T02:15:00Z;11;1;17;Valencia Rocafort;110_1
2022-09-12T02:15:00Z;25;12;26;Valencia EnriqueGranados;110_2
2022-09-12T02:15:00Z;13;4;9;ConsellDeCent Rocafort;110_4
2022-09-12T02:15:00Z;4;2;1;ConsellDeCent EnriqueGranados;110_6
2022-09-12T02:15:00Z;9;0;9;ConsellDeCent Girona;110_8
2022-09-12T02:15:00Z;40;4;8;ConsellDeCent CompteBorrell;110_5
2022-09-12T02:15:00Z;19;2;34;Valencia Girona;110_3
2022-09-12T02:20:00Z;12;0;9;ConsellDeCent Rocafort;110_4
2022-09-12T02:20:00Z;33;0;6;ConsellDeCent CompteBorrell;110_5
2022-09-12T02:20:00Z;6;1;9;Valencia Rocafort;110_1
2022-09-12T02:20:00Z;29;8;22;Valencia EnriqueGranados;110_2
2022-09-12T02:20:00Z;7;4;15;ConsellDeCent EnriqueGranados;110_6
2022-09-12T02:20:00Z;12;1;9;ConsellDeCent Girona;110_8
2022-09-12T02:20:00Z;24;3;30;Valencia Girona;110_3
2022-09-12T02:25:00Z;0;0;3;ConsellDeCent Rocafort;110_4
2022-09-12T02:25:00Z;9;1;3;ConsellDeCent CompteBorrell;110_5
2022-09-12T02:25:00Z;5;4;5;ConsellDeCent EnriqueGranados;110_6
2022-09-12T02:25:00Z;7;1;3;ConsellDeCent Girona;110_8
2022-09-12T02:25:00Z;8;0;2;Valencia Rocafort;110_1
2022-09-12T02:25:00Z;24;4;14;Valencia EnriqueGranados;110_2
2022-09-12T02:25:00Z;14;12;58;Valencia Girona;110_3
2022-09-12T02:30:00Z;15;1;24;Valencia Girona;110_3
2022-09-12T02:30:00Z;3;0;3;ConsellDeCent Girona;110_8
2022-09-12T02:30:00Z;3;3;7;ConsellDeCent EnriqueGranados;110_6
2022-09-12T02:30:00Z;1;0;6;ConsellDeCent Rocafort;110_4
2022-09-12T02:30:00Z;12;0;1;Valencia Rocafort;110_1
2022-09-12T02:30:00Z;15;0;9;Valencia EnriqueGranados;110_2
2022-09-12T02:30:00Z;26;0;7;ConsellDeCent CompteBorrell;110_5
2022-09-12T02:35:00Z;11;2;5;ConsellDeCent CompteBorrell;110_5
2022-09-12T02:35:00Z;6;0;0;Valencia Rocafort;110_1
2022-09-12T02:35:00Z;6;2;14;ConsellDeCent Girona;110_8
2022-09-12T02:35:00Z;17;4;34;Valencia Girona;110_3
2022-09-12T02:35:00Z;11;1;7;ConsellDeCent EnriqueGranados;110_6
2022-09-12T02:35:00Z;5;1;6;ConsellDeCent Rocafort;110_4
2022-09-12T02:35:00Z;15;0;10;Valencia EnriqueGranados;110_2
2022-09-12T02:40:00Z;7;0;0;Valencia Rocafort;110_1
2022-09-12T02:40:00Z;19;4;14;Valencia EnriqueGranados;110_2
2022-09-12T02:40:00Z;8;3;3;ConsellDeCent Girona;110_8
2022-09-12T02:40:00Z;23;6;31;Valencia Girona;110_3
2022-09-12T02:40:00Z;5;4;9;ConsellDeCent EnriqueGranados;110_6
2022-09-12T02:40:00Z;11;0;5;ConsellDeCent CompteBorrell;110_5
2022-09-12T02:40:00Z;2;1;6;ConsellDeCent Rocafort;110_4
2022-09-12T02:45:00Z;25;0;19;Valencia EnriqueGranados;110_2
2022-09-12T02:45:00Z;5;0;2;Valencia Rocafort;110_1
2022-09-12T02:45:00Z;7;3;14;ConsellDeCent EnriqueGranados;110_6
2022-09-12T02:45:00Z;17;1;12;ConsellDeCent CompteBorrell;110_5
2022-09-12T02:45:00Z;3;0;3;ConsellDeCent Rocafort;110_4
2022-09-12T02:45:00Z;4;0;7;ConsellDeCent Girona;110_8
2022-09-12T02:45:00Z;12;0;23;Valencia Girona;110_3
2022-09-12T02:50:00Z;2;0;0;Valencia Rocafort;110_1
2022-09-12T02:50:00Z;15;4;13;Valencia EnriqueGranados;110_2
2022-09-12T02:50:00Z;6;2;7;ConsellDeCent Girona;110_8
2022-09-12T02:50:00Z;2;1;5;ConsellDeCent EnriqueGranados;110_6
2022-09-12T02:50:00Z;7;0;6;ConsellDeCent CompteBorrell;110_5
2022-09-12T02:50:00Z;12;2;25;Valencia Girona;110_3
2022-09-12T02:50:00Z;2;0;5;ConsellDeCent Rocafort;110_4
2022-09-12T02:55:00Z;9;1;13;ConsellDeCent Girona;110_8
2022-09-12T02:55:00Z;8;0;2;Valencia Rocafort;110_1
2022-09-12T02:55:00Z;14;2;27;Valencia EnriqueGranados;110_2
2022-09-12T02:55:00Z;6;2;5;ConsellDeCent EnriqueGranados;110_6
2022-09-12T02:55:00Z;17;5;6;ConsellDeCent CompteBorrell;110_5
2022-09-12T02:55:00Z;3;0;6;ConsellDeCent Rocafort;110_4
2022-09-12T02:55:00Z;12;2;23;Valencia Girona;110_3
2022-09-12T03:00:00Z;10;0;0;Valencia Rocafort;110_1
2022-09-12T03:00:00Z;12;2;31;Valencia Girona;110_3
2022-09-12T03:00:00Z;19;2;3;ConsellDeCent CompteBorrell;110_5
2022-09-12T03:00:00Z;15;0;21;Valencia EnriqueGranados;110_2
2022-09-12T03:00:00Z;2;0;9;ConsellDeCent Rocafort;110_4
2022-09-12T03:00:00Z;9;0;0;ConsellDeCent Girona;110_8
2022-09-12T03:00:00Z;4;3;5;ConsellDeCent EnriqueGranados;110_6
2022-09-12T03:05:00Z;4;1;3;ConsellDeCent Rocafort;110_4
2022-09-12T03:05:00Z;15;0;9;Valencia EnriqueGranados;110_2
2022-09-12T03:05:00Z;12;0;2;Valencia Rocafort;110_1
2022-09-12T03:05:00Z;5;4;5;ConsellDeCent EnriqueGranados;110_6
2022-09-12T03:05:00Z;10;0;1;ConsellDeCent Girona;110_8
2022-09-12T03:05:00Z;10;0;17;Valencia Girona;110_3
2022-09-12T03:05:00Z;8;0;2;ConsellDeCent CompteBorrell;110_5
2022-09-12T03:10:00Z;7;2;18;Valencia Girona;110_3
2022-09-12T03:10:00Z;19;0;2;ConsellDeCent CompteBorrell;110_5
2022-09-12T03:10:00Z;15;1;14;Valencia EnriqueGranados;110_2
2022-09-12T03:10:00Z;4;2;6;ConsellDeCent EnriqueGranados;110_6
2022-09-12T03:10:00Z;0;0;1;ConsellDeCent Rocafort;110_4
2022-09-12T03:10:00Z;11;0;0;Valencia Rocafort;110_1
2022-09-12T03:10:00Z;7;2;5;ConsellDeCent Girona;110_8
2022-09-12T03:15:00Z;9;0;2;ConsellDeCent CompteBorrell;110_5
2022-09-12T03:15:00Z;7;0;0;Valencia Rocafort;110_1
2022-09-12T03:15:00Z;5;0;0;ConsellDeCent Girona;110_8
2022-09-12T03:15:00Z;6;2;9;ConsellDeCent EnriqueGranados;110_6
2022-09-12T03:15:00Z;0;0;3;ConsellDeCent Rocafort;110_4
2022-09-12T03:15:00Z;9;1;14;Valencia Girona;110_3
2022-09-12T03:15:00Z;16;0;16;Valencia EnriqueGranados;110_2
2022-09-12T03:20:00Z;2;0;0;ConsellDeCent Girona;110_8
2022-09-12T03:20:00Z;4;0;6;ConsellDeCent EnriqueGranados;110_6
2022-09-12T03:20:00Z;11;0;2;Valencia Rocafort;110_1
2022-09-12T03:20:00Z;15;1;18;Valencia EnriqueGranados;110_2
2022-09-12T03:20:00Z;7;1;2;ConsellDeCent CompteBorrell;110_5
2022-09-12T03:20:00Z;0;1;6;ConsellDeCent Rocafort;110_4
2022-09-12T03:20:00Z;14;0;26;Valencia Girona;110_3
2022-09-12T03:25:00Z;7;4;7;ConsellDeCent Girona;110_8
2022-09-12T03:25:00Z;1;0;5;ConsellDeCent Rocafort;110_4
2022-09-12T03:25:00Z;5;1;21;Valencia Girona;110_3
2022-09-12T03:25:00Z;9;0;2;ConsellDeCent CompteBorrell;110_5
2022-09-12T03:25:00Z;8;0;0;Valencia Rocafort;110_1
2022-09-12T03:25:00Z;11;1;14;Valencia EnriqueGranados;110_2
2022-09-12T03:25:00Z;1;3;8;ConsellDeCent EnriqueGranados;110_6
2022-09-12T03:30:00Z;12;0;17;Valencia EnriqueGranados;110_2
2022-09-12T03:30:00Z;8;2;18;Valencia Girona;110_3
2022-09-12T03:30:00Z;1;0;1;ConsellDeCent EnriqueGranados;110_6
2022-09-12T03:30:00Z;5;2;18;ConsellDeCent Girona;110_8
2022-09-12T03:30:00Z;8;0;0;Valencia Rocafort;110_1
2022-09-12T03:30:00Z;9;0;5;ConsellDeCent CompteBorrell;110_5
2022-09-12T03:30:00Z;1;0;4;ConsellDeCent Rocafort;110_4
2022-09-12T03:35:00Z;12;0;0;Valencia Rocafort;110_1
2022-09-12T03:35:00Z;9;1;23;Valencia Girona;110_3
2022-09-12T03:35:00Z;11;0;11;Valencia EnriqueGranados;110_2
2022-09-12T03:35:00Z;2;0;5;ConsellDeCent Rocafort;110_4
2022-09-12T03:35:00Z;4;3;28;ConsellDeCent EnriqueGranados;110_6
2022-09-12T03:35:00Z;6;0;3;ConsellDeCent Girona;110_8
2022-09-12T03:35:00Z;8;0;2;ConsellDeCent CompteBorrell;110_5
2022-09-12T03:40:00Z;3;0;26;ConsellDeCent EnriqueGranados;110_6
2022-09-12T03:40:00Z;15;0;15;Valencia EnriqueGranados;110_2
2022-09-12T03:40:00Z;7;0;0;Valencia Rocafort;110_1
2022-09-12T03:40:00Z;2;0;3;ConsellDeCent Rocafort;110_4
2022-09-12T03:40:00Z;4;0;6;ConsellDeCent Girona;110_8
2022-09-12T03:40:00Z;11;5;33;Valencia Girona;110_3
2022-09-12T03:40:00Z;13;0;10;ConsellDeCent CompteBorrell;110_5
2022-09-12T03:45:00Z;2;0;2;ConsellDeCent Rocafort;110_4
2022-09-12T03:45:00Z;6;4;17;ConsellDeCent EnriqueGranados;110_6
2022-09-12T03:45:00Z;18;0;4;ConsellDeCent CompteBorrell;110_5
2022-09-12T03:45:00Z;3;0;0;Valencia Rocafort;110_1
2022-09-12T03:45:00Z;3;0;1;ConsellDeCent Girona;110_8
2022-09-12T03:45:00Z;9;1;17;Valencia Girona;110_3
2022-09-12T03:45:00Z;10;1;17;Valencia EnriqueGranados;110_2
2022-09-12T03:50:00Z;26;1;4;ConsellDeCent CompteBorrell;110_5
2022-09-12T03:50:00Z;4;0;2;Valencia Rocafort;110_1
2022-09-12T03:50:00Z;1;0;5;ConsellDeCent Rocafort;110_4
2022-09-12T03:50:00Z;7;0;16;Valencia Girona;110_3
2022-09-12T03:50:00Z;13;1;24;Valencia EnriqueGranados;110_2
2022-09-12T03:50:00Z;4;0;0;ConsellDeCent Girona;110_8
2022-09-12T03:50:00Z;8;1;22;ConsellDeCent EnriqueGranados;110_6
2022-09-12T03:55:00Z;2;1;10;ConsellDeCent Rocafort;110_4
2022-09-12T03:55:00Z;5;0;0;Valencia Rocafort;110_1
2022-09-12T03:55:00Z;7;0;1;ConsellDeCent CompteBorrell;110_5
2022-09-12T03:55:00Z;13;0;11;Valencia EnriqueGranados;110_2
2022-09-12T03:55:00Z;1;0;0;ConsellDeCent Girona;110_8
2022-09-12T03:55:00Z;7;1;15;Valencia Girona;110_3
2022-09-12T03:55:00Z;6;2;32;ConsellDeCent EnriqueGranados;110_6
2022-09-12T04:00:00Z;0;0;0;ConsellDeCent Rocafort;110_4
2022-09-12T04:00:00Z;7;0;14;Valencia Girona;110_3
2022-09-12T04:00:00Z;6;0;0;ConsellDeCent EnriqueGranados;110_6
2022-09-12T04:00:00Z;27;2;8;ConsellDeCent CompteBorrell;110_5
2022-09-12T04:00:00Z;4;3;2;ConsellDeCent Girona;110_8
2022-09-12T04:00:00Z;13;0;18;Valencia EnriqueGranados;110_2
2022-09-12T04:00:00Z;6;0;1;Valencia Rocafort;110_1
2022-09-12T04:05:00Z;3;2;3;ConsellDeCent Girona;110_8
2022-09-12T04:05:00Z;6;0;8;ConsellDeCent EnriqueGranados;110_6
2022-09-12T04:05:00Z;6;0;22;Valencia Girona;110_3
2022-09-12T04:05:00Z;14;0;13;Valencia EnriqueGranados;110_2
2022-09-12T04:05:00Z;17;0;7;ConsellDeCent CompteBorrell;110_5
2022-09-12T04:05:00Z;0;0;0;ConsellDeCent Rocafort;110_4
2022-09-12T04:05:00Z;6;0;0;Valencia Rocafort;110_1
2022-09-12T04:10:00Z;5;0;14;ConsellDeCent EnriqueGranados;110_6
2022-09-12T04:10:00Z;0;0;0;ConsellDeCent CompteBorrell;110_5
2022-09-12T04:10:00Z;24;0;14;Valencia EnriqueGranados;110_2
2022-09-12T04:10:00Z;0;0;1;ConsellDeCent Rocafort;110_4
2022-09-12T04:10:00Z;10;0;0;Valencia Rocafort;110_1
2022-09-12T04:10:00Z;3;0;2;ConsellDeCent Girona;110_8
2022-09-12T04:10:00Z;8;0;16;Valencia Girona;110_3
2022-09-12T04:15:00Z;1;0;2;ConsellDeCent EnriqueGranados;110_6
2022-09-12T04:15:00Z;2;0;0;ConsellDeCent Girona;110_8
2022-09-12T04:15:00Z;12;0;15;Valencia EnriqueGranados;110_2
2022-09-12T04:15:00Z;1;0;8;ConsellDeCent Rocafort;110_4
2022-09-12T04:15:00Z;7;0;2;Valencia Rocafort;110_1
2022-09-12T04:15:00Z;0;0;0;ConsellDeCent CompteBorrell;110_5
2022-09-12T04:15:00Z;9;0;10;Valencia Girona;110_3
2022-09-12T04:20:00Z;1;0;0;ConsellDeCent EnriqueGranados;110_6
2022-09-12T04:20:00Z;0;0;0;ConsellDeCent CompteBorrell;110_5
2022-09-12T04:20:00Z;5;0;1;Valencia Rocafort;110_1
2022-09-12T04:20:00Z;11;0;10;Valencia EnriqueGranados;110_2
2022-09-12T04:20:00Z;5;0;9;Valencia Girona;110_3
2022-09-12T04:20:00Z;0;0;0;ConsellDeCent Rocafort;110_4
2022-09-12T04:20:00Z;4;0;1;ConsellDeCent Girona;110_8
2022-09-12T04:25:00Z;2;0;0;ConsellDeCent Girona;110_8
2022-09-12T04:25:00Z;17;4;4;ConsellDeCent CompteBorrell;110_5
2022-09-12T04:25:00Z;13;2;19;Valencia EnriqueGranados;110_2
2022-09-12T04:25:00Z;9;2;17;Valencia Girona;110_3
2022-09-12T04:25:00Z;3;0;1;ConsellDeCent EnriqueGranados;110_6
2022-09-12T04:25:00Z;1;0;1;ConsellDeCent Rocafort;110_4
2022-09-12T04:25:00Z;2;0;0;Valencia Rocafort;110_1
2022-09-12T04:30:00Z;4;0;4;ConsellDeCent Girona;110_8
2022-09-12T04:30:00Z;10;0;30;Valencia Girona;110_3
2022-09-12T04:30:00Z;0;0;0;ConsellDeCent CompteBorrell;110_5
2022-09-12T04:30:00Z;5;0;3;ConsellDeCent EnriqueGranados;110_6
2022-09-12T04:30:00Z;6;1;21;Valencia EnriqueGranados;110_2
2022-09-12T04:30:00Z;4;0;0;Valencia Rocafort;110_1
2022-09-12T04:30:00Z;0;0;5;ConsellDeCent Rocafort;110_4
2022-09-12T04:35:00Z;5;2;16;Valencia EnriqueGranados;110_2
2022-09-12T04:35:00Z;0;0;3;ConsellDeCent Rocafort;110_4
2022-09-12T04:35:00Z;4;0;0;Valencia Rocafort;110_1
2022-09-12T04:35:00Z;4;0;0;ConsellDeCent Girona;110_8
2022-09-12T04:35:00Z;0;0;0;ConsellDeCent CompteBorrell;110_5
2022-09-12T04:35:00Z;8;3;14;Valencia Girona;110_3
2022-09-12T04:35:00Z;2;1;3;ConsellDeCent EnriqueGranados;110_6
2022-09-12T04:40:00Z;8;0;0;ConsellDeCent EnriqueGranados;110_6
2022-09-12T04:40:00Z;1;2;15;Valencia Girona;110_3
2022-09-12T04:40:00Z;0;0;0;ConsellDeCent Rocafort;110_4
2022-09-12T04:40:00Z;22;2;3;ConsellDeCent CompteBorrell;110_5
2022-09-12T04:40:00Z;14;1;18;Valencia EnriqueGranados;110_2
2022-09-12T04:40:00Z;1;0;0;ConsellDeCent Girona;110_8
2022-09-12T04:40:00Z;7;0;1;Valencia Rocafort;110_1
2022-09-12T04:45:00Z;4;0;0;Valencia Rocafort;110_1
2022-09-12T04:45:00Z;1;0;4;ConsellDeCent EnriqueGranados;110_6
2022-09-12T04:45:00Z;5;1;18;Valencia Girona;110_3
2022-09-12T04:45:00Z;2;0;1;ConsellDeCent Girona;110_8
2022-09-12T04:45:00Z;1;0;7;ConsellDeCent Rocafort;110_4
2022-09-12T04:45:00Z;17;0;17;Valencia EnriqueGranados;110_2
2022-09-12T04:45:00Z;20;1;2;ConsellDeCent CompteBorrell;110_5
2022-09-12T04:50:00Z;7;0;18;Valencia Girona;110_3
2022-09-12T04:50:00Z;0;0;1;ConsellDeCent Rocafort;110_4
2022-09-12T04:50:00Z;12;0;23;Valencia EnriqueGranados;110_2
2022-09-12T04:50:00Z;27;1;2;ConsellDeCent CompteBorrell;110_5
2022-09-12T04:50:00Z;4;5;5;ConsellDeCent EnriqueGranados;110_6
2022-09-12T04:50:00Z;5;0;0;Valencia Rocafort;110_1
2022-09-12T04:50:00Z;9;0;0;ConsellDeCent Girona;110_8
2022-09-12T04:55:00Z;4;0;3;ConsellDeCent Girona;110_8
2022-09-12T04:55:00Z;25;2;2;ConsellDeCent CompteBorrell;110_5
2022-09-12T04:55:00Z;4;0;0;Valencia Rocafort;110_1
2022-09-12T04:55:00Z;0;0;1;ConsellDeCent Rocafort;110_4
2022-09-12T04:55:00Z;4;0;0;ConsellDeCent EnriqueGranados;110_6
2022-09-12T04:55:00Z;4;1;16;Valencia Girona;110_3
2022-09-12T04:55:00Z;12;2;18;Valencia EnriqueGranados;110_2
2022-09-12T05:00:00Z;4;1;13;Valencia Girona;110_3
2022-09-12T05:00:00Z;2;0;0;Valencia Rocafort;110_1
2022-09-12T05:00:00Z;10;0;1;ConsellDeCent CompteBorrell;110_5
2022-09-12T05:00:00Z;1;3;3;ConsellDeCent Girona;110_8
2022-09-12T05:00:00Z;15;0;16;Valencia EnriqueGranados;110_2
2022-09-12T05:00:00Z;2;1;6;ConsellDeCent Rocafort;110_4
2022-09-12T05:00:00Z;8;3;4;ConsellDeCent EnriqueGranados;110_6
2022-09-12T05:05:00Z;1;0;3;ConsellDeCent Rocafort;110_4
2022-09-12T05:05:00Z;4;0;0;ConsellDeCent EnriqueGranados;110_6
2022-09-12T05:05:00Z;13;0;16;Valencia Girona;110_3
2022-09-12T05:05:00Z;20;0;21;Valencia EnriqueGranados;110_2
2022-09-12T05:05:00Z;0;0;0;ConsellDeCent CompteBorrell;110_5
2022-09-12T05:05:00Z;7;0;1;ConsellDeCent Girona;110_8
2022-09-12T05:05:00Z;4;0;0;Valencia Rocafort;110_1
2022-09-12T05:10:00Z;16;0;15;Valencia EnriqueGranados;110_2
2022-09-12T05:10:00Z;1;0;4;ConsellDeCent Rocafort;110_4
2022-09-12T05:10:00Z;39;6;17;ConsellDeCent CompteBorrell;110_5
2022-09-12T05:10:00Z;3;0;0;ConsellDeCent EnriqueGranados;110_6
2022-09-12T05:10:00Z;2;1;1;ConsellDeCent Girona;110_8
2022-09-12T05:10:00Z;7;0;14;Valencia Girona;110_3
2022-09-12T05:10:00Z;10;0;2;Valencia Rocafort;110_1
2022-09-12T05:15:00Z;0;0;3;ConsellDeCent Rocafort;110_4
2022-09-12T05:15:00Z;2;0;0;ConsellDeCent Girona;110_8
2022-09-12T05:15:00Z;6;0;0;ConsellDeCent EnriqueGranados;110_6
2022-09-12T05:15:00Z;6;0;16;Valencia Girona;110_3
2022-09-12T05:15:00Z;38;2;7;ConsellDeCent CompteBorrell;110_5
2022-09-12T05:15:00Z;11;0;14;Valencia EnriqueGranados;110_2
2022-09-12T05:15:00Z;6;0;1;Valencia Rocafort;110_1
2022-09-12T05:20:00Z;8;0;18;Valencia EnriqueGranados;110_2
2022-09-12T05:20:00Z;4;1;0;ConsellDeCent EnriqueGranados;110_6
2022-09-12T05:20:00Z;26;1;3;ConsellDeCent CompteBorrell;110_5
2022-09-12T05:20:00Z;7;0;17;Valencia Girona;110_3
2022-09-12T05:20:00Z;10;0;0;Valencia Rocafort;110_1
2022-09-12T05:20:00Z;0;0;2;ConsellDeCent Rocafort;110_4
2022-09-12T05:20:00Z;4;0;1;ConsellDeCent Girona;110_8
2022-09-12T05:25:00Z;4;0;0;Valencia Rocafort;110_1
2022-09-12T05:25:00Z;3;0;0;ConsellDeCent Girona;110_8
2022-09-12T05:25:00Z;1;1;9;ConsellDeCent Rocafort;110_4
2022-09-12T05:25:00Z;4;3;18;Valencia Girona;110_3
2022-09-12T05:25:00Z;4;0;3;ConsellDeCent EnriqueGranados;110_6
2022-09-12T05:25:00Z;6;2;22;Valencia EnriqueGranados;110_2
2022-09-12T05:25:00Z;0;0;0;ConsellDeCent CompteBorrell;110_5
2022-09-12T05:30:00Z;2;0;0;ConsellDeCent Girona;110_8
2022-09-12T05:30:00Z;0;0;6;Valencia Girona;110_3
2022-09-12T05:30:00Z;3;1;8;Valencia EnriqueGranados;110_2
2022-09-12T05:30:00Z;9;0;1;ConsellDeCent CompteBorrell;110_5
2022-09-12T05:30:00Z;0;0;0;ConsellDeCent Rocafort;110_4
2022-09-12T05:30:00Z;5;1;1;Valencia Rocafort;110_1
2022-09-12T05:30:00Z;3;2;0;ConsellDeCent EnriqueGranados;110_6
2022-09-12T05:35:00Z;15;0;16;Valencia EnriqueGranados;110_2
2022-09-12T05:35:00Z;2;1;3;ConsellDeCent Rocafort;110_4
2022-09-12T05:35:00Z;15;0;8;ConsellDeCent CompteBorrell;110_5
2022-09-12T05:35:00Z;6;0;0;Valencia Rocafort;110_1
2022-09-12T05:35:00Z;7;1;29;Valencia Girona;110_3
2022-09-12T05:35:00Z;4;1;0;ConsellDeCent EnriqueGranados;110_6
2022-09-12T05:35:00Z;2;0;0;ConsellDeCent Girona;110_8
2022-09-12T05:40:00Z;4;0;0;ConsellDeCent Girona;110_8
2022-09-12T05:40:00Z;6;1;47;Valencia Girona;110_3
2022-09-12T05:40:00Z;4;0;0;ConsellDeCent EnriqueGranados;110_6
2022-09-12T05:40:00Z;14;0;19;Valencia EnriqueGranados;110_2
2022-09-12T05:40:00Z;4;0;4;Valencia Rocafort;110_1
2022-09-12T05:40:00Z;12;0;5;ConsellDeCent CompteBorrell;110_5
2022-09-12T05:40:00Z;3;5;17;ConsellDeCent Rocafort;110_4
2022-09-12T05:45:00Z;3;2;4;ConsellDeCent EnriqueGranados;110_6
2022-09-12T05:45:00Z;5;1;1;ConsellDeCent Girona;110_8
2022-09-12T05:45:00Z;10;0;34;Valencia Girona;110_3
2022-09-12T05:45:00Z;3;1;0;Valencia Rocafort;110_1
2022-09-12T05:45:00Z;12;0;1;ConsellDeCent CompteBorrell;110_5
2022-09-12T05:45:00Z;3;0;4;ConsellDeCent Rocafort;110_4
2022-09-12T05:45:00Z;13;0;16;Valencia EnriqueGranados;110_2
2022-09-12T05:50:00Z;4;4;3;ConsellDeCent EnriqueGranados;110_6
2022-09-12T05:50:00Z;4;2;1;ConsellDeCent Girona;110_8
2022-09-12T05:50:00Z;39;0;9;ConsellDeCent CompteBorrell;110_5
2022-09-12T05:50:00Z;2;0;0;Valencia Rocafort;110_1
2022-09-12T05:50:00Z;1;0;9;ConsellDeCent Rocafort;110_4
2022-09-12T05:50:00Z;5;0;26;Valencia Girona;110_3
2022-09-12T05:50:00Z;12;0;22;Valencia EnriqueGranados;110_2
2022-09-12T05:55:00Z;7;0;2;ConsellDeCent Girona;110_8
2022-09-12T05:55:00Z;1;2;0;ConsellDeCent EnriqueGranados;110_6
2022-09-12T05:55:00Z;0;0;3;ConsellDeCent Rocafort;110_4
2022-09-12T05:55:00Z;7;0;1;Valencia Rocafort;110_1
2022-09-12T05:55:00Z;19;0;15;Valencia EnriqueGranados;110_2
2022-09-12T05:55:00Z;21;0;6;ConsellDeCent CompteBorrell;110_5
2022-09-12T05:55:00Z;7;0;23;Valencia Girona;110_3
2022-09-12T06:00:00Z;3;2;3;ConsellDeCent Girona;110_8
2022-09-12T06:00:00Z;4;0;6;ConsellDeCent Rocafort;110_4
2022-09-12T06:00:00Z;3;2;0;ConsellDeCent EnriqueGranados;110_6
2022-09-12T06:00:00Z;8;1;17;Valencia Girona;110_3
2022-09-12T06:00:00Z;18;0;3;ConsellDeCent CompteBorrell;110_5
2022-09-12T06:00:00Z;3;0;0;Valencia Rocafort;110_1
2022-09-12T06:00:00Z;7;0;13;Valencia EnriqueGranados;110_2
2022-09-12T06:05:00Z;4;2;10;ConsellDeCent Rocafort;110_4
2022-09-12T06:05:00Z;22;4;10;ConsellDeCent CompteBorrell;110_5
2022-09-12T06:05:00Z;12;0;23;Valencia Girona;110_3
2022-09-12T06:05:00Z;5;0;2;ConsellDeCent EnriqueGranados;110_6
2022-09-12T06:05:00Z;4;0;6;ConsellDeCent Girona;110_8
2022-09-12T06:05:00Z;14;0;11;Valencia EnriqueGranados;110_2
2022-09-12T06:05:00Z;5;0;0;Valencia Rocafort;110_1
2022-09-12T06:10:00Z;1;0;12;ConsellDeCent Rocafort;110_4
2022-09-12T06:10:00Z;7;0;18;Valencia Girona;110_3
2022-09-12T06:10:00Z;3;0;0;Valencia Rocafort;110_1
2022-09-12T06:10:00Z;5;0;0;ConsellDeCent EnriqueGranados;110_6
2022-09-12T06:10:00Z;2;0;0;ConsellDeCent Girona;110_8
2022-09-12T06:10:00Z;9;1;1;ConsellDeCent CompteBorrell;110_5
2022-09-12T06:10:00Z;12;8;15;Valencia EnriqueGranados;110_2
2022-09-12T06:15:00Z;3;1;14;ConsellDeCent Rocafort;110_4
2022-09-12T06:15:00Z;7;1;7;Valencia EnriqueGranados;110_2
2022-09-12T06:15:00Z;2;2;0;ConsellDeCent EnriqueGranados;110_6
2022-09-12T06:15:00Z;4;0;1;Valencia Rocafort;110_1
2022-09-12T06:15:00Z;9;3;27;Valencia Girona;110_3
2022-09-12T06:15:00Z;6;0;1;ConsellDeCent Girona;110_8
2022-09-12T06:15:00Z;10;2;1;ConsellDeCent CompteBorrell;110_5
2022-09-12T06:20:00Z;5;2;12;ConsellDeCent Girona;110_8
2022-09-12T06:20:00Z;4;2;0;ConsellDeCent EnriqueGranados;110_6
2022-09-12T06:20:00Z;27;2;6;ConsellDeCent CompteBorrell;110_5
2022-09-12T06:20:00Z;4;0;1;Valencia Rocafort;110_1
2022-09-12T06:20:00Z;2;0;11;Valencia Girona;110_3
2022-09-12T06:20:00Z;6;0;10;Valencia EnriqueGranados;110_2
2022-09-12T06:20:00Z;1;0;4;ConsellDeCent Rocafort;110_4
2022-09-12T06:25:00Z;3;0;0;Valencia Rocafort;110_1
2022-09-12T06:25:00Z;16;0;16;Valencia EnriqueGranados;110_2
2022-09-12T06:25:00Z;8;0;5;ConsellDeCent EnriqueGranados;110_6
2022-09-12T06:25:00Z;5;0;26;Valencia Girona;110_3
2022-09-12T06:25:00Z;3;0;2;ConsellDeCent Girona;110_8
2022-09-12T06:25:00Z;1;0;10;ConsellDeCent Rocafort;110_4
2022-09-12T06:25:00Z;20;3;3;ConsellDeCent CompteBorrell;110_5
2022-09-12T06:30:00Z;6;0;9;ConsellDeCent Girona;110_8
2022-09-12T06:30:00Z;0;0;0;ConsellDeCent CompteBorrell;110_5
2022-09-12T06:30:00Z;5;2;13;ConsellDeCent EnriqueGranados;110_6
2022-09-12T06:30:00Z;5;0;0;Valencia Rocafort;110_1
2022-09-12T06:30:00Z;5;0;15;Valencia Girona;110_3
2022-09-12T06:30:00Z;2;0;8;ConsellDeCent Rocafort;110_4
2022-09-12T06:30:00Z;9;2;20;Valencia EnriqueGranados;110_2
2022-09-12T06:35:00Z;3;0;1;ConsellDeCent EnriqueGranados;110_6
2022-09-12T06:35:00Z;8;2;26;Valencia Girona;110_3
2022-09-12T06:35:00Z;1;0;2;ConsellDeCent Rocafort;110_4
2022-09-12T06:35:00Z;10;0;6;ConsellDeCent Girona;110_8
2022-09-12T06:35:00Z;7;0;7;Valencia EnriqueGranados;110_2
2022-09-12T06:35:00Z;14;1;0;Valencia Rocafort;110_1
2022-09-12T06:35:00Z;38;1;2;ConsellDeCent CompteBorrell;110_5
2022-09-12T06:40:00Z;4;1;0;ConsellDeCent EnriqueGranados;110_6
2022-09-12T06:40:00Z;8;2;11;ConsellDeCent Girona;110_8
2022-09-12T06:40:00Z;1;0;5;ConsellDeCent Rocafort;110_4
2022-09-12T06:40:00Z;9;0;23;Valencia Girona;110_3
2022-09-12T06:40:00Z;12;0;0;Valencia Rocafort;110_1
2022-09-12T06:40:00Z;22;0;14;Valencia EnriqueGranados;110_2
2022-09-12T06:40:00Z;35;2;4;ConsellDeCent CompteBorrell;110_5
2022-09-12T06:45:00Z;7;0;3;ConsellDeCent Girona;110_8
2022-09-12T06:45:00Z;9;0;0;Valencia Rocafort;110_1
2022-09-12T06:45:00Z;5;2;16;ConsellDeCent Rocafort;110_4
2022-09-12T06:45:00Z;2;3;0;ConsellDeCent EnriqueGranados;110_6
2022-09-12T06:45:00Z;0;0;0;ConsellDeCent CompteBorrell;110_5
2022-09-12T06:45:00Z;16;0;13;Valencia EnriqueGranados;110_2
2022-09-12T06:50:00Z;10;0;25;Valencia EnriqueGranados;110_2
2022-09-12T06:50:00Z;35;1;5;ConsellDeCent CompteBorrell;110_5
2022-09-12T06:50:00Z;5;1;5;ConsellDeCent Girona;110_8
2022-09-12T06:50:00Z;4;0;13;ConsellDeCent Rocafort;110_4
2022-09-12T06:50:00Z;10;0;1;Valencia Rocafort;110_1
2022-09-12T06:50:00Z;3;3;0;ConsellDeCent EnriqueGranados;110_6
2022-09-12T06:55:00Z;4;2;0;ConsellDeCent EnriqueGranados;110_6
2022-09-12T06:55:00Z;1;0;5;ConsellDeCent Rocafort;110_4
2022-09-12T06:55:00Z;17;0;19;Valencia EnriqueGranados;110_2
2022-09-12T06:55:00Z;25;0;7;ConsellDeCent CompteBorrell;110_5
2022-09-12T06:55:00Z;14;0;1;Valencia Rocafort;110_1
2022-09-12T06:55:00Z;6;2;2;ConsellDeCent Girona;110_8
2022-09-12T07:00:00Z;26;0;4;ConsellDeCent CompteBorrell;110_5
2022-09-12T07:00:00Z;4;0;12;ConsellDeCent Rocafort;110_4
2022-09-12T07:00:00Z;12;0;1;Valencia Rocafort;110_1
2022-09-12T07:00:00Z;19;1;16;Valencia EnriqueGranados;110_2
2022-09-12T07:00:00Z;6;0;16;ConsellDeCent Girona;110_8
2022-09-12T07:00:00Z;5;1;1;ConsellDeCent EnriqueGranados;110_6
2022-09-12T07:05:00Z;10;0;7;ConsellDeCent Girona;110_8
2022-09-12T07:05:00Z;6;0;1;ConsellDeCent EnriqueGranados;110_6
2022-09-12T07:05:00Z;14;0;3;Valencia Rocafort;110_1
2022-09-12T07:05:00Z;6;2;13;ConsellDeCent Rocafort;110_4
2022-09-12T07:05:00Z;14;0;0;ConsellDeCent CompteBorrell;110_5
2022-09-12T07:05:00Z;12;1;15;Valencia EnriqueGranados;110_2
2022-09-12T07:10:00Z;24;1;14;Valencia EnriqueGranados;110_2
2022-09-12T07:10:00Z;17;0;0;Valencia Rocafort;110_1
2022-09-12T07:10:00Z;14;0;2;ConsellDeCent CompteBorrell;110_5
2022-09-12T07:10:00Z;7;1;9;ConsellDeCent Rocafort;110_4
2022-09-12T07:10:00Z;5;2;5;ConsellDeCent EnriqueGranados;110_6
2022-09-12T07:10:00Z;3;0;6;ConsellDeCent Girona;110_8
2022-09-12T07:15:00Z;1;0;6;ConsellDeCent Rocafort;110_4
2022-09-12T07:15:00Z;1;2;6;ConsellDeCent Girona;110_8
2022-09-12T07:15:00Z;18;0;17;Valencia EnriqueGranados;110_2
2022-09-12T07:15:00Z;16;0;7;Valencia Rocafort;110_1
2022-09-12T07:15:00Z;31;0;0;ConsellDeCent CompteBorrell;110_5
2022-09-12T07:15:00Z;5;1;4;ConsellDeCent EnriqueGranados;110_6
2022-09-12T07:20:00Z;7;0;4;Valencia Rocafort;110_1
2022-09-12T07:20:00Z;21;1;10;Valencia EnriqueGranados;110_2
2022-09-12T07:20:00Z;4;0;14;ConsellDeCent Rocafort;110_4
2022-09-12T07:20:00Z;3;2;0;ConsellDeCent EnriqueGranados;110_6
2022-09-12T07:20:00Z;2;1;18;ConsellDeCent Girona;110_8
2022-09-12T07:20:00Z;0;0;0;ConsellDeCent CompteBorrell;110_5
2022-09-12T07:25:00Z;6;2;28;ConsellDeCent Girona;110_8
2022-09-12T07:25:00Z;6;3;8;ConsellDeCent Rocafort;110_4
2022-09-12T07:25:00Z;29;0;6;ConsellDeCent CompteBorrell;110_5
2022-09-12T07:25:00Z;29;1;22;Valencia EnriqueGranados;110_2
2022-09-12T07:25:00Z;9;0;3;Valencia Rocafort;110_1
2022-09-12T07:25:00Z;4;1;4;ConsellDeCent EnriqueGranados;110_6
2022-09-12T07:30:00Z;27;2;12;Valencia EnriqueGranados;110_2
2022-09-12T07:30:00Z;22;1;2;ConsellDeCent CompteBorrell;110_5
2022-09-12T07:30:00Z;5;9;13;ConsellDeCent EnriqueGranados;110_6
2022-09-12T07:30:00Z;15;0;4;Valencia Rocafort;110_1
2022-09-12T07:30:00Z;3;0;7;ConsellDeCent Rocafort;110_4
2022-09-12T07:35:00Z;14;6;74;ConsellDeCent Girona;110_8
2022-09-12T07:35:00Z;36;3;9;Valencia EnriqueGranados;110_2
2022-09-12T07:35:00Z;11;3;12;ConsellDeCent Rocafort;110_4
2022-09-12T07:35:00Z;63;1;3;ConsellDeCent CompteBorrell;110_5
2022-09-12T07:35:00Z;12;0;10;Valencia Rocafort;110_1
2022-09-12T07:35:00Z;5;3;6;ConsellDeCent EnriqueGranados;110_6
2022-09-12T07:40:00Z;4;1;26;ConsellDeCent Girona;110_8
2022-09-12T07:40:00Z;4;2;10;ConsellDeCent Rocafort;110_4
2022-09-12T07:40:00Z;10;7;6;ConsellDeCent EnriqueGranados;110_6
2022-09-12T07:40:00Z;56;3;20;ConsellDeCent CompteBorrell;110_5
2022-09-12T07:40:00Z;35;2;4;Valencia EnriqueGranados;110_2
2022-09-12T07:40:00Z;16;1;0;Valencia Rocafort;110_1
2022-09-12T07:45:00Z;11;3;58;ConsellDeCent Girona;110_8
2022-09-12T07:45:00Z;58;2;10;ConsellDeCent CompteBorrell;110_5
2022-09-12T07:45:00Z;32;0;21;Valencia EnriqueGranados;110_2
2022-09-12T07:45:00Z;7;8;3;ConsellDeCent EnriqueGranados;110_6
2022-09-12T07:45:00Z;9;2;9;ConsellDeCent Rocafort;110_4
2022-09-12T07:45:00Z;14;0;5;Valencia Rocafort;110_1
2022-09-12T07:50:00Z;62;0;8;ConsellDeCent CompteBorrell;110_5
2022-09-12T07:50:00Z;7;1;13;ConsellDeCent Rocafort;110_4
2022-09-12T07:50:00Z;5;12;4;ConsellDeCent EnriqueGranados;110_6
2022-09-12T07:50:00Z;40;2;27;Valencia EnriqueGranados;110_2
2022-09-12T07:50:00Z;9;11;52;ConsellDeCent Girona;110_8
2022-09-12T07:50:00Z;16;3;4;Valencia Rocafort;110_1
2022-09-12T07:55:00Z;44;1;28;ConsellDeCent CompteBorrell;110_5
2022-09-12T07:55:00Z;37;2;21;Valencia EnriqueGranados;110_2
2022-09-12T07:55:00Z;12;0;14;Valencia Rocafort;110_1
2022-09-12T07:55:00Z;12;8;13;ConsellDeCent EnriqueGranados;110_6
2022-09-12T07:55:00Z;8;1;16;ConsellDeCent Rocafort;110_4
2022-09-12T07:55:00Z;11;5;40;ConsellDeCent Girona;110_8
2022-09-12T08:00:00Z;44;0;9;ConsellDeCent CompteBorrell;110_5
2022-09-12T08:00:00Z;46;1;28;Valencia EnriqueGranados;110_2
2022-09-12T08:00:00Z;22;2;8;Valencia Rocafort;110_1
2022-09-12T08:00:00Z;13;14;3;ConsellDeCent EnriqueGranados;110_6
2022-09-12T08:00:00Z;8;6;33;ConsellDeCent Girona;110_8
2022-09-12T08:00:00Z;10;2;7;ConsellDeCent Rocafort;110_4
2022-09-12T08:05:00Z;89;4;42;ConsellDeCent CompteBorrell;110_5
2022-09-12T08:05:00Z;14;6;48;ConsellDeCent Girona;110_8
2022-09-12T08:05:00Z;12;1;9;Valencia Rocafort;110_1
2022-09-12T08:05:00Z;8;6;16;ConsellDeCent EnriqueGranados;110_6
2022-09-12T08:05:00Z;33;5;31;Valencia EnriqueGranados;110_2
2022-09-12T08:05:00Z;7;3;18;ConsellDeCent Rocafort;110_4
2022-09-12T08:10:00Z;78;1;23;ConsellDeCent CompteBorrell;110_5
2022-09-12T08:10:00Z;18;5;13;ConsellDeCent Rocafort;110_4
2022-09-12T08:10:00Z;6;5;11;ConsellDeCent EnriqueGranados;110_6
2022-09-12T08:10:00Z;12;3;51;ConsellDeCent Girona;110_8
2022-09-12T08:10:00Z;63;2;28;Valencia EnriqueGranados;110_2
2022-09-12T08:10:00Z;15;3;10;Valencia Rocafort;110_1
2022-09-12T08:15:00Z;54;4;32;Valencia EnriqueGranados;110_2
2022-09-12T08:15:00Z;13;7;52;ConsellDeCent Girona;110_8
2022-09-12T08:15:00Z;12;13;11;ConsellDeCent EnriqueGranados;110_6
2022-09-12T08:15:00Z;17;3;5;Valencia Rocafort;110_1
2022-09-12T08:15:00Z;79;4;19;ConsellDeCent CompteBorrell;110_5
2022-09-12T08:15:00Z;11;2;24;ConsellDeCent Rocafort;110_4
2022-09-12T08:20:00Z;8;5;17;ConsellDeCent EnriqueGranados;110_6
2022-09-12T08:20:00Z;17;10;55;ConsellDeCent Girona;110_8
2022-09-12T08:20:00Z;9;1;21;ConsellDeCent Rocafort;110_4
2022-09-12T08:20:00Z;81;8;40;Valencia EnriqueGranados;110_2
2022-09-12T08:20:00Z;18;5;17;Valencia Rocafort;110_1
2022-09-12T08:20:00Z;94;0;8;ConsellDeCent CompteBorrell;110_5
2022-09-12T08:25:00Z;21;2;12;Valencia Rocafort;110_1
2022-09-12T08:25:00Z;82;4;24;ConsellDeCent CompteBorrell;110_5
2022-09-12T08:25:00Z;14;14;7;ConsellDeCent EnriqueGranados;110_6
2022-09-12T08:25:00Z;17;5;30;ConsellDeCent Rocafort;110_4
2022-09-12T08:25:00Z;58;12;43;Valencia EnriqueGranados;110_2
2022-09-12T08:25:00Z;23;6;54;ConsellDeCent Girona;110_8
2022-09-12T08:30:00Z;25;4;48;ConsellDeCent Rocafort;110_4
2022-09-12T08:30:00Z;76;14;50;Valencia EnriqueGranados;110_2
2022-09-12T08:30:00Z;28;10;111;ConsellDeCent Girona;110_8
2022-09-12T08:30:00Z;28;5;6;Valencia Rocafort;110_1
2022-09-12T08:30:00Z;24;14;31;ConsellDeCent EnriqueGranados;110_6
2022-09-12T08:30:00Z;101;1;22;ConsellDeCent CompteBorrell;110_5
2022-09-12T08:35:00Z;64;5;35;ConsellDeCent CompteBorrell;110_5
2022-09-12T08:35:00Z;13;7;31;ConsellDeCent Rocafort;110_4
2022-09-12T08:35:00Z;19;0;22;Valencia Rocafort;110_1
2022-09-12T08:35:00Z;72;7;48;Valencia EnriqueGranados;110_2
2022-09-12T08:35:00Z;18;17;112;ConsellDeCent Girona;110_8
2022-09-12T08:35:00Z;19;24;6;ConsellDeCent EnriqueGranados;110_6
2022-09-12T08:40:00Z;80;6;81;Valencia EnriqueGranados;110_2
2022-09-12T08:40:00Z;25;8;34;ConsellDeCent Rocafort;110_4
2022-09-12T08:40:00Z;39;1;14;Valencia Rocafort;110_1
2022-09-12T08:40:00Z;15;32;41;ConsellDeCent EnriqueGranados;110_6
2022-09-12T08:40:00Z;72;2;40;ConsellDeCent CompteBorrell;110_5
2022-09-12T08:40:00Z;18;20;83;ConsellDeCent Girona;110_8
2022-09-12T08:45:00Z;109;8;41;ConsellDeCent CompteBorrell;110_5
2022-09-12T08:45:00Z;30;15;40;ConsellDeCent Rocafort;110_4
2022-09-12T08:45:00Z;22;4;29;Valencia Rocafort;110_1
2022-09-12T08:45:00Z;87;31;75;Valencia EnriqueGranados;110_2
2022-09-12T08:45:00Z;28;17;25;ConsellDeCent EnriqueGranados;110_6
2022-09-12T08:50:00Z;93;20;66;Valencia EnriqueGranados;110_2
2022-09-12T08:50:00Z;48;12;45;ConsellDeCent Rocafort;110_4
2022-09-12T08:50:00Z;25;3;33;Valencia Rocafort;110_1
2022-09-12T08:50:00Z;31;40;36;ConsellDeCent EnriqueGranados;110_6
2022-09-12T08:50:00Z;94;4;48;ConsellDeCent CompteBorrell;110_5
2022-09-12T08:55:00Z;43;8;38;ConsellDeCent Rocafort;110_4
2022-09-12T08:55:00Z;28;36;49;ConsellDeCent EnriqueGranados;110_6
2022-09-12T08:55:00Z;39;12;16;Valencia Rocafort;110_1
2022-09-12T08:55:00Z;105;19;71;Valencia EnriqueGranados;110_2
2022-09-12T08:55:00Z;103;4;53;ConsellDeCent CompteBorrell;110_5
2022-09-12T09:00:00Z;21;24;38;ConsellDeCent EnriqueGranados;110_6
2022-09-12T09:00:00Z;37;7;45;ConsellDeCent Rocafort;110_4
2022-09-12T09:00:00Z;116;15;90;Valencia EnriqueGranados;110_2
2022-09-12T09:00:00Z;30;5;22;Valencia Rocafort;110_1
2022-09-12T09:00:00Z;75;3;57;ConsellDeCent CompteBorrell;110_5
2022-09-12T09:05:00Z;80;16;80;Valencia EnriqueGranados;110_2
2022-09-12T09:05:00Z;38;5;28;Valencia Rocafort;110_1
2022-09-12T09:05:00Z;100;5;42;ConsellDeCent CompteBorrell;110_5
2022-09-12T09:05:00Z;44;11;38;ConsellDeCent Rocafort;110_4
2022-09-12T09:05:00Z;17;28;42;ConsellDeCent EnriqueGranados;110_6
2022-09-12T09:10:00Z;34;15;53;ConsellDeCent EnriqueGranados;110_6
2022-09-12T09:10:00Z;100;6;45;ConsellDeCent CompteBorrell;110_5
2022-09-12T09:10:00Z;41;11;51;ConsellDeCent Rocafort;110_4
2022-09-12T09:10:00Z;41;5;30;Valencia Rocafort;110_1
2022-09-12T09:10:00Z;119;16;73;Valencia EnriqueGranados;110_2
2022-09-12T09:15:00Z;81;20;56;ConsellDeCent CompteBorrell;110_5
2022-09-12T09:15:00Z;65;5;37;Valencia Rocafort;110_1
2022-09-12T09:15:00Z;129;13;112;Valencia EnriqueGranados;110_2
2022-09-12T09:15:00Z;40;5;55;ConsellDeCent Rocafort;110_4
2022-09-12T09:15:00Z;40;27;38;ConsellDeCent EnriqueGranados;110_6
2022-09-12T09:20:00Z;92;5;44;ConsellDeCent CompteBorrell;110_5
2022-09-12T09:20:00Z;134;25;102;Valencia EnriqueGranados;110_2
2022-09-12T09:20:00Z;46;11;30;Valencia Rocafort;110_1
2022-09-12T09:20:00Z;45;7;48;ConsellDeCent Rocafort;110_4
2022-09-12T09:20:00Z;33;31;32;ConsellDeCent EnriqueGranados;110_6
2022-09-12T09:25:00Z;41;6;31;Valencia Rocafort;110_1
2022-09-12T09:25:00Z;114;30;95;Valencia EnriqueGranados;110_2
2022-09-12T09:25:00Z;95;3;65;ConsellDeCent CompteBorrell;110_5
2022-09-12T09:25:00Z;39;16;100;ConsellDeCent Rocafort;110_4
2022-09-12T09:25:00Z;26;27;57;ConsellDeCent EnriqueGranados;110_6
2022-09-12T09:30:00Z;97;8;85;ConsellDeCent CompteBorrell;110_5
2022-09-12T09:30:00Z;123;23;99;Valencia EnriqueGranados;110_2
2022-09-12T09:30:00Z;43;15;59;ConsellDeCent Rocafort;110_4
2022-09-12T09:30:00Z;29;27;38;ConsellDeCent EnriqueGranados;110_6
2022-09-12T09:30:00Z;60;4;31;Valencia Rocafort;110_1
2022-09-12T09:35:00Z;30;10;96;ConsellDeCent Rocafort;110_4
2022-09-12T09:35:00Z;157;13;82;Valencia EnriqueGranados;110_2
2022-09-12T09:35:00Z;63;8;30;Valencia Rocafort;110_1
2022-09-12T09:35:00Z;35;37;51;ConsellDeCent EnriqueGranados;110_6
2022-09-12T09:35:00Z;109;4;105;ConsellDeCent CompteBorrell;110_5
2022-09-12T09:40:00Z;37;26;72;ConsellDeCent EnriqueGranados;110_6
2022-09-12T09:40:00Z;135;30;131;Valencia EnriqueGranados;110_2
2022-09-12T09:40:00Z;48;9;61;Valencia Rocafort;110_1
2022-09-12T09:40:00Z;79;10;106;ConsellDeCent CompteBorrell;110_5
2022-09-12T09:40:00Z;51;14;91;ConsellDeCent Rocafort;110_4
2022-09-12T09:45:00Z;132;16;104;Valencia EnriqueGranados;110_2
2022-09-12T09:45:00Z;96;10;136;ConsellDeCent CompteBorrell;110_5
2022-09-12T09:45:00Z;49;20;98;ConsellDeCent Rocafort;110_4
2022-09-12T09:45:00Z;33;62;73;ConsellDeCent EnriqueGranados;110_6
2022-09-12T09:45:00Z;69;5;23;Valencia Rocafort;110_1
2022-09-12T09:50:00Z;40;27;110;ConsellDeCent Rocafort;110_4
2022-09-12T09:50:00Z;58;11;75;Valencia Rocafort;110_1
2022-09-12T09:50:00Z;168;16;110;Valencia EnriqueGranados;110_2
2022-09-12T09:50:00Z;93;11;101;ConsellDeCent CompteBorrell;110_5
2022-09-12T09:50:00Z;47;42;86;ConsellDeCent EnriqueGranados;110_6
2022-09-12T09:55:00Z;55;40;83;ConsellDeCent EnriqueGranados;110_6
2022-09-12T09:55:00Z;73;11;124;ConsellDeCent CompteBorrell;110_5
2022-09-12T09:55:00Z;37;24;126;ConsellDeCent Rocafort;110_4
2022-09-12T09:55:00Z;149;21;117;Valencia EnriqueGranados;110_2
2022-09-12T09:55:00Z;52;16;59;Valencia Rocafort;110_1
2022-09-12T10:00:00Z;57;13;72;Valencia Rocafort;110_1
2022-09-12T10:00:00Z;163;24;121;Valencia EnriqueGranados;110_2
2022-09-12T10:00:00Z;49;44;94;ConsellDeCent EnriqueGranados;110_6
2022-09-12T10:00:00Z;44;15;111;ConsellDeCent Rocafort;110_4
2022-09-12T10:00:00Z;73;8;112;ConsellDeCent CompteBorrell;110_5
2022-09-12T10:05:00Z;49;45;149;ConsellDeCent EnriqueGranados;110_6
2022-09-12T10:05:00Z;48;12;81;Valencia Rocafort;110_1
2022-09-12T10:05:00Z;48;27;94;ConsellDeCent Rocafort;110_4
2022-09-12T10:05:00Z;158;25;103;Valencia EnriqueGranados;110_2
2022-09-12T10:05:00Z;59;14;96;ConsellDeCent CompteBorrell;110_5
2022-09-12T10:10:00Z;66;19;112;ConsellDeCent CompteBorrell;110_5
2022-09-12T10:10:00Z;38;12;91;ConsellDeCent Rocafort;110_4
2022-09-12T10:10:00Z;40;41;109;ConsellDeCent EnriqueGranados;110_6
2022-09-12T10:10:00Z;139;23;88;Valencia EnriqueGranados;110_2
2022-09-12T10:10:00Z;38;6;47;Valencia Rocafort;110_1
2022-09-12T10:15:00Z;41;48;105;ConsellDeCent EnriqueGranados;110_6
2022-09-12T10:15:00Z;46;13;85;ConsellDeCent Rocafort;110_4
2022-09-12T10:15:00Z;53;14;108;ConsellDeCent CompteBorrell;110_5
2022-09-12T10:15:00Z;132;17;86;Valencia EnriqueGranados;110_2
2022-09-12T10:15:00Z;34;12;52;Valencia Rocafort;110_1
2022-09-12T10:20:00Z;59;15;97;ConsellDeCent CompteBorrell;110_5
2022-09-12T10:20:00Z;37;6;64;Valencia Rocafort;110_1
2022-09-12T10:20:00Z;110;22;85;Valencia EnriqueGranados;110_2
2022-09-12T10:20:00Z;26;39;64;ConsellDeCent EnriqueGranados;110_6
2022-09-12T10:20:00Z;42;10;80;ConsellDeCent Rocafort;110_4
2022-09-12T10:25:00Z;136;14;99;Valencia EnriqueGranados;110_2
2022-09-12T10:25:00Z;27;34;47;ConsellDeCent EnriqueGranados;110_6
2022-09-12T10:25:00Z;81;20;129;ConsellDeCent CompteBorrell;110_5
2022-09-12T10:25:00Z;36;15;79;ConsellDeCent Rocafort;110_4
2022-09-12T10:25:00Z;46;6;38;Valencia Rocafort;110_1
2022-09-12T10:30:00Z;129;16;110;Valencia EnriqueGranados;110_2
2022-09-12T10:30:00Z;41;3;54;Valencia Rocafort;110_1
2022-09-12T10:30:00Z;33;26;89;ConsellDeCent EnriqueGranados;110_6
2022-09-12T10:30:00Z;77;6;118;ConsellDeCent CompteBorrell;110_5
2022-09-12T10:30:00Z;34;14;70;ConsellDeCent Rocafort;110_4
2022-09-12T10:35:00Z;43;10;86;ConsellDeCent Rocafort;110_4
2022-09-12T10:35:00Z;85;7;83;ConsellDeCent CompteBorrell;110_5
2022-09-12T10:35:00Z;45;17;102;ConsellDeCent EnriqueGranados;110_6
2022-09-12T10:35:00Z;142;2;117;Valencia EnriqueGranados;110_2
2022-09-12T10:35:00Z;36;2;43;Valencia Rocafort;110_1
2022-09-12T10:40:00Z;72;11;101;ConsellDeCent CompteBorrell;110_5
2022-09-12T10:40:00Z;34;18;95;ConsellDeCent EnriqueGranados;110_6
2022-09-12T10:40:00Z;38;7;53;Valencia Rocafort;110_1
2022-09-12T10:40:00Z;29;7;71;ConsellDeCent Rocafort;110_4
2022-09-12T10:40:00Z;140;20;153;Valencia EnriqueGranados;110_2
2022-09-12T10:45:00Z;42;4;57;Valencia Rocafort;110_1
2022-09-12T10:45:00Z;35;20;97;ConsellDeCent EnriqueGranados;110_6
2022-09-12T10:45:00Z;55;13;112;ConsellDeCent CompteBorrell;110_5
2022-09-12T10:45:00Z;138;18;130;Valencia EnriqueGranados;110_2
2022-09-12T10:45:00Z;29;18;63;ConsellDeCent Rocafort;110_4
2022-09-12T10:50:00Z;93;2;79;ConsellDeCent CompteBorrell;110_5
2022-09-12T10:50:00Z;48;11;69;Valencia Rocafort;110_1
2022-09-12T10:50:00Z;36;9;54;ConsellDeCent Rocafort;110_4
2022-09-12T10:50:00Z;99;15;107;Valencia EnriqueGranados;110_2
2022-09-12T10:50:00Z;22;29;67;ConsellDeCent EnriqueGranados;110_6
2022-09-12T10:55:00Z;37;7;58;ConsellDeCent Rocafort;110_4
2022-09-12T10:55:00Z;130;24;97;Valencia EnriqueGranados;110_2
2022-09-12T10:55:00Z;38;18;73;ConsellDeCent EnriqueGranados;110_6
2022-09-12T10:55:00Z;41;0;49;Valencia Rocafort;110_1
2022-09-12T10:55:00Z;93;10;63;ConsellDeCent CompteBorrell;110_5
2022-09-12T11:00:00Z;22;27;59;ConsellDeCent EnriqueGranados;110_6
2022-09-12T11:00:00Z;127;13;71;Valencia EnriqueGranados;110_2
2022-09-12T11:00:00Z;79;12;61;ConsellDeCent CompteBorrell;110_5
2022-09-12T11:00:00Z;37;19;50;ConsellDeCent Rocafort;110_4
2022-09-12T11:00:00Z;35;3;39;Valencia Rocafort;110_1
2022-09-12T11:05:00Z;38;14;70;ConsellDeCent Rocafort;110_4
2022-09-12T11:05:00Z;57;14;70;ConsellDeCent CompteBorrell;110_5
2022-09-12T11:05:00Z;39;19;69;ConsellDeCent EnriqueGranados;110_6
2022-09-12T11:05:00Z;38;5;31;Valencia Rocafort;110_1
2022-09-12T11:05:00Z;146;5;71;Valencia EnriqueGranados;110_2
2022-09-12T11:10:00Z;63;5;65;ConsellDeCent CompteBorrell;110_5
2022-09-12T11:10:00Z;27;1;52;Valencia Rocafort;110_1
2022-09-12T11:10:00Z;29;7;63;ConsellDeCent Rocafort;110_4
2022-09-12T11:10:00Z;28;26;83;ConsellDeCent EnriqueGranados;110_6
2022-09-12T11:10:00Z;136;3;44;Valencia EnriqueGranados;110_2
2022-09-12T11:15:00Z;32;5;57;Valencia Rocafort;110_1
2022-09-12T11:15:00Z;66;1;75;ConsellDeCent CompteBorrell;110_5
2022-09-12T11:15:00Z;118;10;61;Valencia EnriqueGranados;110_2
2022-09-12T11:15:00Z;33;19;99;ConsellDeCent EnriqueGranados;110_6
2022-09-12T11:15:00Z;23;9;57;ConsellDeCent Rocafort;110_4
2022-09-12T11:20:00Z;35;9;109;ConsellDeCent EnriqueGranados;110_6
2022-09-12T11:20:00Z;34;14;68;ConsellDeCent Rocafort;110_4
2022-09-12T11:20:00Z;121;15;95;Valencia EnriqueGranados;110_2
2022-09-12T11:20:00Z;68;7;42;ConsellDeCent CompteBorrell;110_5
2022-09-12T11:20:00Z;40;6;40;Valencia Rocafort;110_1
2022-09-12T11:25:00Z;38;20;136;ConsellDeCent EnriqueGranados;110_6
2022-09-12T11:25:00Z;147;6;105;Valencia EnriqueGranados;110_2
2022-09-12T11:25:00Z;49;6;89;ConsellDeCent CompteBorrell;110_5
2022-09-12T11:25:00Z;49;5;59;Valencia Rocafort;110_1
2022-09-12T11:25:00Z;53;14;51;ConsellDeCent Rocafort;110_4
2022-09-12T11:30:00Z;42;6;64;ConsellDeCent CompteBorrell;110_5
2022-09-12T11:30:00Z;41;22;81;ConsellDeCent EnriqueGranados;110_6
2022-09-12T11:30:00Z;39;14;58;ConsellDeCent Rocafort;110_4
2022-09-12T11:30:00Z;144;15;67;Valencia EnriqueGranados;110_2
2022-09-12T11:30:00Z;36;1;39;Valencia Rocafort;110_1
2022-09-12T11:35:00Z;44;2;59;Valencia Rocafort;110_1
2022-09-12T11:35:00Z;61;5;56;ConsellDeCent CompteBorrell;110_5
2022-09-12T11:35:00Z;38;17;60;ConsellDeCent EnriqueGranados;110_6
2022-09-12T11:35:00Z;144;13;124;Valencia EnriqueGranados;110_2
2022-09-12T11:35:00Z;43;17;70;ConsellDeCent Rocafort;110_4
2022-09-12T11:40:00Z;45;4;48;Valencia Rocafort;110_1
2022-09-12T11:40:00Z;133;16;150;Valencia EnriqueGranados;110_2
2022-09-12T11:40:00Z;39;8;58;ConsellDeCent Rocafort;110_4
2022-09-12T11:40:00Z;47;7;42;ConsellDeCent CompteBorrell;110_5
2022-09-12T11:40:00Z;39;14;64;ConsellDeCent EnriqueGranados;110_6
2022-09-12T11:45:00Z;99;14;141;Valencia EnriqueGranados;110_2
2022-09-12T11:45:00Z;33;47;44;ConsellDeCent EnriqueGranados;110_6
2022-09-12T11:45:00Z;34;6;51;ConsellDeCent Rocafort;110_4
2022-09-12T11:45:00Z;3;0;4;ConsellDeCent Girona;110_8
2022-09-12T11:45:00Z;73;5;81;ConsellDeCent CompteBorrell;110_5
2022-09-12T11:45:00Z;38;7;51;Valencia Rocafort;110_1
2022-09-12T11:50:00Z;137;24;94;Valencia EnriqueGranados;110_2
2022-09-12T11:50:00Z;48;18;70;ConsellDeCent CompteBorrell;110_5
2022-09-12T11:50:00Z;43;23;115;ConsellDeCent EnriqueGranados;110_6
2022-09-12T11:50:00Z;3;0;4;ConsellDeCent Girona;110_8
2022-09-12T11:50:00Z;44;19;78;ConsellDeCent Rocafort;110_4
2022-09-12T11:50:00Z;48;9;59;Valencia Rocafort;110_1
2022-09-12T11:55:00Z;38;2;38;Valencia Rocafort;110_1
2022-09-12T11:55:00Z;75;5;106;ConsellDeCent CompteBorrell;110_5
2022-09-12T11:55:00Z;44;23;88;ConsellDeCent EnriqueGranados;110_6
2022-09-12T11:55:00Z;34;11;42;ConsellDeCent Rocafort;110_4
2022-09-12T11:55:00Z;3;0;3;ConsellDeCent Girona;110_8
2022-09-12T11:55:00Z;133;14;75;Valencia EnriqueGranados;110_2
2022-09-12T12:00:00Z;69;16;88;ConsellDeCent CompteBorrell;110_5
2022-09-12T12:00:00Z;47;11;138;ConsellDeCent EnriqueGranados;110_6
2022-09-12T12:00:00Z;37;9;102;ConsellDeCent Rocafort;110_4
2022-09-12T12:00:00Z;3;0;3;ConsellDeCent Girona;110_8
2022-09-12T12:00:00Z;34;3;38;Valencia Rocafort;110_1
2022-09-12T12:00:00Z;158;12;59;Valencia EnriqueGranados;110_2
2022-09-12T12:05:00Z;27;1;39;Valencia Rocafort;110_1
2022-09-12T12:05:00Z;3;0;3;ConsellDeCent Girona;110_8
2022-09-12T12:05:00Z;41;5;75;ConsellDeCent Rocafort;110_4
2022-09-12T12:05:00Z;164;16;77;Valencia EnriqueGranados;110_2
2022-09-12T12:05:00Z;35;9;95;ConsellDeCent EnriqueGranados;110_6
2022-09-12T12:05:00Z;48;8;70;ConsellDeCent CompteBorrell;110_5
2022-09-12T12:10:00Z;40;3;47;ConsellDeCent CompteBorrell;110_5
2022-09-12T12:10:00Z;3;0;4;ConsellDeCent Girona;110_8
2022-09-12T12:10:00Z;45;10;68;ConsellDeCent Rocafort;110_4
2022-09-12T12:10:00Z;34;32;94;ConsellDeCent EnriqueGranados;110_6
2022-09-12T12:10:00Z;118;13;69;Valencia EnriqueGranados;110_2
2022-09-12T12:10:00Z;44;2;28;Valencia Rocafort;110_1
2022-09-12T12:15:00Z;67;6;63;ConsellDeCent CompteBorrell;110_5
2022-09-12T12:15:00Z;31;3;44;Valencia Rocafort;110_1
2022-09-12T12:15:00Z;35;35;135;ConsellDeCent EnriqueGranados;110_6
2022-09-12T12:15:00Z;38;9;72;ConsellDeCent Rocafort;110_4
2022-09-12T12:15:00Z;138;10;34;Valencia EnriqueGranados;110_2
2022-09-12T12:20:00Z;41;19;134;ConsellDeCent EnriqueGranados;110_6
2022-09-12T12:20:00Z;38;3;40;Valencia Rocafort;110_1
2022-09-12T12:20:00Z;118;3;56;Valencia EnriqueGranados;110_2
2022-09-12T12:20:00Z;50;18;82;ConsellDeCent Rocafort;110_4
2022-09-12T12:20:00Z;68;6;109;ConsellDeCent CompteBorrell;110_5
2022-09-12T12:25:00Z;43;7;81;ConsellDeCent Rocafort;110_4
2022-09-12T12:25:00Z;38;32;114;ConsellDeCent EnriqueGranados;110_6
2022-09-12T12:25:00Z;127;12;60;Valencia EnriqueGranados;110_2
2022-09-12T12:25:00Z;37;5;73;Valencia Rocafort;110_1
2022-09-12T12:30:00Z;114;15;130;ConsellDeCent CompteBorrell;110_5
2022-09-12T12:30:00Z;38;15;162;ConsellDeCent EnriqueGranados;110_6
2022-09-12T12:30:00Z;44;3;36;Valencia Rocafort;110_1
2022-09-12T12:30:00Z;102;4;61;Valencia EnriqueGranados;110_2
2022-09-12T12:30:00Z;46;12;104;ConsellDeCent Rocafort;110_4
2022-09-12T12:35:00Z;40;2;39;Valencia Rocafort;110_1
2022-09-12T12:35:00Z;46;12;63;ConsellDeCent Rocafort;110_4
2022-09-12T12:35:00Z;97;8;50;Valencia EnriqueGranados;110_2
2022-09-12T12:35:00Z;98;3;54;ConsellDeCent CompteBorrell;110_5
2022-09-12T12:35:00Z;38;21;104;ConsellDeCent EnriqueGranados;110_6
2022-09-12T12:40:00Z;53;19;83;ConsellDeCent EnriqueGranados;110_6
2022-09-12T12:40:00Z;39;17;88;ConsellDeCent Rocafort;110_4
2022-09-12T12:40:00Z;63;4;68;ConsellDeCent CompteBorrell;110_5
2022-09-12T12:40:00Z;124;18;56;Valencia EnriqueGranados;110_2
2022-09-12T12:40:00Z;43;6;49;Valencia Rocafort;110_1
2022-09-12T12:45:00Z;144;5;52;Valencia EnriqueGranados;110_2
2022-09-12T12:45:00Z;33;16;79;ConsellDeCent Rocafort;110_4
2022-09-12T12:45:00Z;47;18;61;ConsellDeCent EnriqueGranados;110_6
2022-09-12T12:45:00Z;26;1;36;Valencia Rocafort;110_1
2022-09-12T12:45:00Z;74;12;79;ConsellDeCent CompteBorrell;110_5
2022-09-12T12:50:00Z;58;7;74;ConsellDeCent CompteBorrell;110_5
2022-09-12T12:50:00Z;162;9;73;Valencia EnriqueGranados;110_2
2022-09-12T12:50:00Z;35;8;72;ConsellDeCent Rocafort;110_4
2022-09-12T12:50:00Z;31;19;83;ConsellDeCent EnriqueGranados;110_6
2022-09-12T12:50:00Z;51;1;42;Valencia Rocafort;110_1
2022-09-12T12:55:00Z;40;4;49;Valencia Rocafort;110_1
2022-09-12T12:55:00Z;48;6;76;ConsellDeCent CompteBorrell;110_5
2022-09-12T12:55:00Z;31;10;77;ConsellDeCent Rocafort;110_4
2022-09-12T12:55:00Z;48;13;101;ConsellDeCent EnriqueGranados;110_6
2022-09-12T12:55:00Z;151;3;61;Valencia EnriqueGranados;110_2
2022-09-12T13:00:00Z;35;0;41;Valencia Rocafort;110_1
2022-09-12T13:00:00Z;142;9;57;Valencia EnriqueGranados;110_2
2022-09-12T13:00:00Z;50;5;71;ConsellDeCent CompteBorrell;110_5
2022-09-12T13:00:00Z;45;16;83;ConsellDeCent EnriqueGranados;110_6
2022-09-12T13:00:00Z;26;16;89;ConsellDeCent Rocafort;110_4
2022-09-12T13:05:00Z;135;9;55;Valencia EnriqueGranados;110_2
2022-09-12T13:05:00Z;31;4;67;Valencia Rocafort;110_1
2022-09-12T13:05:00Z;23;27;128;ConsellDeCent EnriqueGranados;110_6
2022-09-12T13:05:00Z;59;5;54;ConsellDeCent CompteBorrell;110_5
2022-09-12T13:05:00Z;3;0;5;ConsellDeCent Girona;110_8
2022-09-12T13:05:00Z;37;18;55;ConsellDeCent Rocafort;110_4
2022-09-12T13:10:00Z;36;12;114;ConsellDeCent EnriqueGranados;110_6
2022-09-12T13:10:00Z;29;1;29;Valencia Rocafort;110_1
2022-09-12T13:10:00Z;3;0;6;ConsellDeCent Girona;110_8
2022-09-12T13:10:00Z;28;15;78;ConsellDeCent Rocafort;110_4
2022-09-12T13:10:00Z;147;7;75;Valencia EnriqueGranados;110_2
2022-09-12T13:10:00Z;56;28;64;ConsellDeCent CompteBorrell;110_5
2022-09-12T13:15:00Z;48;6;74;ConsellDeCent Rocafort;110_4
2022-09-12T13:15:00Z;42;12;98;ConsellDeCent EnriqueGranados;110_6
2022-09-12T13:15:00Z;36;27;70;ConsellDeCent CompteBorrell;110_5
2022-09-12T13:15:00Z;172;11;41;Valencia EnriqueGranados;110_2
2022-09-12T13:15:00Z;52;7;39;Valencia Rocafort;110_1
2022-09-12T13:20:00Z;144;8;68;Valencia EnriqueGranados;110_2
2022-09-12T13:20:00Z;39;20;55;ConsellDeCent CompteBorrell;110_5
2022-09-12T13:20:00Z;54;16;87;ConsellDeCent EnriqueGranados;110_6
2022-09-12T13:20:00Z;48;27;86;ConsellDeCent Rocafort;110_4
2022-09-12T13:20:00Z;28;1;68;Valencia Rocafort;110_1
2022-09-12T13:25:00Z;31;10;59;ConsellDeCent CompteBorrell;110_5
2022-09-12T13:25:00Z;77;10;49;Valencia Rocafort;110_1
2022-09-12T13:25:00Z;42;5;48;ConsellDeCent Rocafort;110_4
2022-09-12T13:25:00Z;42;9;109;ConsellDeCent EnriqueGranados;110_6
2022-09-12T13:25:00Z;143;10;89;Valencia EnriqueGranados;110_2
2022-09-12T13:30:00Z;46;8;107;ConsellDeCent EnriqueGranados;110_6
2022-09-12T13:30:00Z;32;3;42;ConsellDeCent CompteBorrell;110_5
2022-09-12T13:30:00Z;42;4;41;Valencia Rocafort;110_1
2022-09-12T13:30:00Z;188;12;92;Valencia EnriqueGranados;110_2
2022-09-12T13:30:00Z;52;6;37;ConsellDeCent Rocafort;110_4
2022-09-12T13:35:00Z;28;9;42;ConsellDeCent Rocafort;110_4
2022-09-12T13:35:00Z;33;15;78;ConsellDeCent EnriqueGranados;110_6
2022-09-12T13:35:00Z;29;5;33;Valencia Rocafort;110_1
2022-09-12T13:35:00Z;101;6;118;Valencia EnriqueGranados;110_2
2022-09-12T13:35:00Z;38;7;33;ConsellDeCent CompteBorrell;110_5
2022-09-12T13:40:00Z;151;3;39;Valencia EnriqueGranados;110_2
2022-09-12T13:40:00Z;38;6;34;Valencia Rocafort;110_1
2022-09-12T13:40:00Z;50;8;56;ConsellDeCent CompteBorrell;110_5
2022-09-12T13:40:00Z;41;10;106;ConsellDeCent EnriqueGranados;110_6
2022-09-12T13:40:00Z;21;2;63;ConsellDeCent Rocafort;110_4
2022-09-12T13:45:00Z;18;6;54;ConsellDeCent Rocafort;110_4
2022-09-12T13:45:00Z;42;4;27;Valencia Rocafort;110_1
2022-09-12T13:45:00Z;25;6;92;ConsellDeCent EnriqueGranados;110_6
2022-09-12T13:45:00Z;32;19;64;ConsellDeCent CompteBorrell;110_5
2022-09-12T13:45:00Z;144;6;57;Valencia EnriqueGranados;110_2
2022-09-12T13:50:00Z;39;4;32;Valencia Rocafort;110_1
2022-09-12T13:50:00Z;142;4;43;Valencia EnriqueGranados;110_2
2022-09-12T13:50:00Z;38;12;108;ConsellDeCent EnriqueGranados;110_6
2022-09-12T13:50:00Z;32;9;35;ConsellDeCent Rocafort;110_4
2022-09-12T13:50:00Z;29;19;68;ConsellDeCent CompteBorrell;110_5
2022-09-12T13:55:00Z;132;8;97;Valencia EnriqueGranados;110_2
2022-09-12T13:55:00Z;54;12;95;ConsellDeCent EnriqueGranados;110_6
2022-09-12T13:55:00Z;38;7;29;Valencia Rocafort;110_1
2022-09-12T13:55:00Z;25;21;60;ConsellDeCent CompteBorrell;110_5
2022-09-12T13:55:00Z;39;5;47;ConsellDeCent Rocafort;110_4
2022-09-12T14:00:00Z;48;8;26;ConsellDeCent CompteBorrell;110_5
2022-09-12T14:00:00Z;45;7;56;ConsellDeCent Rocafort;110_4
2022-09-12T14:00:00Z;55;3;25;Valencia Rocafort;110_1
2022-09-12T14:00:00Z;46;17;77;ConsellDeCent EnriqueGranados;110_6
2022-09-12T14:00:00Z;135;6;108;Valencia EnriqueGranados;110_2
2022-09-12T14:05:00Z;47;5;66;ConsellDeCent Rocafort;110_4
2022-09-12T14:05:00Z;52;8;139;ConsellDeCent EnriqueGranados;110_6
2022-09-12T14:05:00Z;47;2;25;Valencia Rocafort;110_1
2022-09-12T14:05:00Z;144;10;133;Valencia EnriqueGranados;110_2
2022-09-12T14:05:00Z;56;14;40;ConsellDeCent CompteBorrell;110_5
2022-09-12T14:10:00Z;60;25;34;ConsellDeCent CompteBorrell;110_5
2022-09-12T14:10:00Z;32;13;65;ConsellDeCent Rocafort;110_4
2022-09-12T14:10:00Z;45;7;147;ConsellDeCent EnriqueGranados;110_6
2022-09-12T14:10:00Z;35;4;35;Valencia Rocafort;110_1
2022-09-12T14:10:00Z;122;4;110;Valencia EnriqueGranados;110_2
2022-09-12T14:15:00Z;48;15;88;ConsellDeCent EnriqueGranados;110_6
2022-09-12T14:15:00Z;42;10;38;Valencia Rocafort;110_1
2022-09-12T14:15:00Z;30;11;69;ConsellDeCent Rocafort;110_4
2022-09-12T14:15:00Z;171;6;71;Valencia EnriqueGranados;110_2
2022-09-12T14:15:00Z;71;16;34;ConsellDeCent CompteBorrell;110_5
2022-09-12T14:20:00Z;185;9;83;Valencia EnriqueGranados;110_2
2022-09-12T14:20:00Z;55;14;79;ConsellDeCent EnriqueGranados;110_6
2022-09-12T14:20:00Z;40;11;75;ConsellDeCent Rocafort;110_4
2022-09-12T14:20:00Z;65;5;49;ConsellDeCent CompteBorrell;110_5
2022-09-12T14:20:00Z;37;0;38;Valencia Rocafort;110_1
2022-09-12T14:25:00Z;60;8;76;ConsellDeCent EnriqueGranados;110_6
2022-09-12T14:25:00Z;54;1;65;ConsellDeCent CompteBorrell;110_5
2022-09-12T14:25:00Z;163;4;110;Valencia EnriqueGranados;110_2
2022-09-12T14:25:00Z;28;8;51;ConsellDeCent Rocafort;110_4
2022-09-12T14:25:00Z;60;0;50;Valencia Rocafort;110_1
2022-09-12T14:30:00Z;69;5;49;ConsellDeCent CompteBorrell;110_5
2022-09-12T14:30:00Z;187;8;59;Valencia EnriqueGranados;110_2
2022-09-12T14:30:00Z;40;15;116;ConsellDeCent EnriqueGranados;110_6
2022-09-12T14:30:00Z;51;3;52;Valencia Rocafort;110_1
2022-09-12T14:30:00Z;31;7;50;ConsellDeCent Rocafort;110_4
2022-09-12T14:35:00Z;35;13;51;ConsellDeCent Rocafort;110_4
2022-09-12T14:35:00Z;39;10;85;ConsellDeCent EnriqueGranados;110_6
2022-09-12T14:35:00Z;33;6;41;Valencia Rocafort;110_1
2022-09-12T14:35:00Z;119;11;79;Valencia EnriqueGranados;110_2
2022-09-12T14:35:00Z;87;0;38;ConsellDeCent CompteBorrell;110_5
2022-09-12T14:40:00Z;30;4;52;Valencia Rocafort;110_1
2022-09-12T14:40:00Z;3;0;6;ConsellDeCent Girona;110_8
2022-09-12T14:40:00Z;144;13;76;Valencia EnriqueGranados;110_2
2022-09-12T14:40:00Z;50;6;67;ConsellDeCent EnriqueGranados;110_6
2022-09-12T14:40:00Z;35;13;51;ConsellDeCent Rocafort;110_4
2022-09-12T14:40:00Z;70;6;49;ConsellDeCent CompteBorrell;110_5
2022-09-12T14:45:00Z;48;11;81;ConsellDeCent Rocafort;110_4
2022-09-12T14:45:00Z;43;7;54;ConsellDeCent EnriqueGranados;110_6
2022-09-12T14:45:00Z;39;1;27;Valencia Rocafort;110_1
2022-09-12T14:45:00Z;148;9;82;Valencia EnriqueGranados;110_2
2022-09-12T14:45:00Z;70;7;68;ConsellDeCent CompteBorrell;110_5
2022-09-12T14:50:00Z;35;11;84;ConsellDeCent EnriqueGranados;110_6
2022-09-12T14:50:00Z;55;7;42;ConsellDeCent CompteBorrell;110_5
2022-09-12T14:50:00Z;19;2;46;Valencia Rocafort;110_1
2022-09-12T14:50:00Z;48;7;68;ConsellDeCent Rocafort;110_4
2022-09-12T14:50:00Z;178;14;72;Valencia EnriqueGranados;110_2
2022-09-12T14:55:00Z;52;8;41;ConsellDeCent Rocafort;110_4
2022-09-12T14:55:00Z;128;10;45;Valencia EnriqueGranados;110_2
2022-09-12T14:55:00Z;64;14;58;ConsellDeCent CompteBorrell;110_5
2022-09-12T14:55:00Z;28;17;74;ConsellDeCent EnriqueGranados;110_6
2022-09-12T14:55:00Z;43;5;41;Valencia Rocafort;110_1
2022-09-12T15:00:00Z;42;6;50;ConsellDeCent Rocafort;110_4
2022-09-12T15:00:00Z;37;15;80;ConsellDeCent EnriqueGranados;110_6
2022-09-12T15:00:00Z;56;8;102;ConsellDeCent CompteBorrell;110_5
2022-09-12T15:00:00Z;124;10;92;Valencia EnriqueGranados;110_2
2022-09-12T15:00:00Z;17;3;39;Valencia Rocafort;110_1
2022-09-12T15:05:00Z;61;4;56;ConsellDeCent CompteBorrell;110_5
2022-09-12T15:05:00Z;48;10;37;ConsellDeCent Rocafort;110_4
2022-09-12T15:05:00Z;27;3;46;Valencia Rocafort;110_1
2022-09-12T15:05:00Z;126;8;70;Valencia EnriqueGranados;110_2
2022-09-12T15:05:00Z;37;13;56;ConsellDeCent EnriqueGranados;110_6
2022-09-12T15:10:00Z;30;14;81;ConsellDeCent Rocafort;110_4
2022-09-12T15:10:00Z;132;9;85;Valencia EnriqueGranados;110_2
2022-09-12T15:10:00Z;68;6;52;ConsellDeCent CompteBorrell;110_5
2022-09-12T15:10:00Z;48;17;79;ConsellDeCent EnriqueGranados;110_6
2022-09-12T15:10:00Z;44;12;31;Valencia Rocafort;110_1
2022-09-12T15:15:00Z;43;14;61;ConsellDeCent EnriqueGranados;110_6
2022-09-12T15:15:00Z;140;5;101;Valencia EnriqueGranados;110_2
2022-09-12T15:15:00Z;42;11;62;ConsellDeCent Rocafort;110_4
2022-09-12T15:15:00Z;41;7;52;ConsellDeCent CompteBorrell;110_5
2022-09-12T15:15:00Z;21;1;35;Valencia Rocafort;110_1
2022-09-12T15:20:00Z;32;2;19;Valencia Rocafort;110_1
2022-09-12T15:20:00Z;129;8;87;Valencia EnriqueGranados;110_2
2022-09-12T15:20:00Z;56;14;81;ConsellDeCent EnriqueGranados;110_6
2022-09-12T15:20:00Z;70;14;44;ConsellDeCent CompteBorrell;110_5
2022-09-12T15:20:00Z;29;5;45;ConsellDeCent Rocafort;110_4
2022-09-12T15:25:00Z;32;25;93;ConsellDeCent EnriqueGranados;110_6
2022-09-12T15:25:00Z;122;11;74;Valencia EnriqueGranados;110_2
2022-09-12T15:25:00Z;45;10;41;ConsellDeCent CompteBorrell;110_5
2022-09-12T15:25:00Z;50;18;57;ConsellDeCent Rocafort;110_4
2022-09-12T15:25:00Z;33;7;33;Valencia Rocafort;110_1
2022-09-12T15:30:00Z;26;5;46;ConsellDeCent Rocafort;110_4
2022-09-12T15:30:00Z;27;15;110;ConsellDeCent EnriqueGranados;110_6
2022-09-12T15:30:00Z;63;5;24;ConsellDeCent CompteBorrell;110_5
2022-09-12T15:30:00Z;135;5;59;Valencia EnriqueGranados;110_2
2022-09-12T15:30:00Z;23;2;30;Valencia Rocafort;110_1
2022-09-12T15:35:00Z;21;4;38;Valencia Rocafort;110_1
2022-09-12T15:35:00Z;26;8;46;ConsellDeCent Rocafort;110_4
2022-09-12T15:35:00Z;88;13;75;Valencia EnriqueGranados;110_2
2022-09-12T15:35:00Z;21;15;117;ConsellDeCent EnriqueGranados;110_6
2022-09-12T15:35:00Z;67;7;57;ConsellDeCent CompteBorrell;110_5
2022-09-12T15:40:00Z;45;9;58;ConsellDeCent CompteBorrell;110_5
2022-09-12T15:40:00Z;29;3;45;ConsellDeCent Rocafort;110_4
2022-09-12T15:40:00Z;31;14;114;ConsellDeCent EnriqueGranados;110_6
2022-09-12T15:40:00Z;30;0;19;Valencia Rocafort;110_1
2022-09-12T15:40:00Z;128;11;40;Valencia EnriqueGranados;110_2
2022-09-12T15:45:00Z;112;6;98;Valencia EnriqueGranados;110_2
2022-09-12T15:45:00Z;26;8;35;ConsellDeCent Rocafort;110_4
2022-09-12T15:45:00Z;4;2;13;ConsellDeCent Girona;110_8
2022-09-12T15:45:00Z;25;1;38;Valencia Rocafort;110_1
2022-09-12T15:45:00Z;28;14;125;ConsellDeCent EnriqueGranados;110_6
2022-09-12T15:45:00Z;51;1;25;ConsellDeCent CompteBorrell;110_5
2022-09-12T15:50:00Z;29;11;40;ConsellDeCent Rocafort;110_4
2022-09-12T15:50:00Z;30;2;30;Valencia Rocafort;110_1
2022-09-12T15:50:00Z;55;26;191;ConsellDeCent Girona;110_8
2022-09-12T15:50:00Z;43;8;53;ConsellDeCent CompteBorrell;110_5
2022-09-12T15:50:00Z;26;15;81;ConsellDeCent EnriqueGranados;110_6
2022-09-12T15:50:00Z;93;11;62;Valencia EnriqueGranados;110_2
2022-09-12T15:55:00Z;68;8;42;ConsellDeCent CompteBorrell;110_5
2022-09-12T15:55:00Z;33;13;99;ConsellDeCent EnriqueGranados;110_6
2022-09-12T15:55:00Z;33;17;62;ConsellDeCent Rocafort;110_4
2022-09-12T15:55:00Z;39;29;154;ConsellDeCent Girona;110_8
2022-09-12T15:55:00Z;36;3;34;Valencia Rocafort;110_1
2022-09-12T15:55:00Z;86;15;73;Valencia EnriqueGranados;110_2
2022-09-12T16:00:00Z;79;7;24;ConsellDeCent CompteBorrell;110_5
2022-09-12T16:00:00Z;21;3;25;Valencia Rocafort;110_1
2022-09-12T16:00:00Z;131;14;145;Valencia EnriqueGranados;110_2
2022-09-12T16:00:00Z;29;10;152;ConsellDeCent EnriqueGranados;110_6
2022-09-12T16:00:00Z;42;10;41;ConsellDeCent Rocafort;110_4
2022-09-12T16:00:00Z;63;20;132;ConsellDeCent Girona;110_8
2022-09-12T16:05:00Z;41;25;140;ConsellDeCent Girona;110_8
2022-09-12T16:05:00Z;19;3;19;Valencia Rocafort;110_1
2022-09-12T16:05:00Z;100;6;99;Valencia EnriqueGranados;110_2
2022-09-12T16:05:00Z;34;10;57;ConsellDeCent Rocafort;110_4
2022-09-12T16:05:00Z;30;20;159;ConsellDeCent EnriqueGranados;110_6
2022-09-12T16:05:00Z;68;8;51;ConsellDeCent CompteBorrell;110_5
2022-09-12T16:10:00Z;46;9;25;ConsellDeCent CompteBorrell;110_5
2022-09-12T16:10:00Z;35;15;123;ConsellDeCent EnriqueGranados;110_6
2022-09-12T16:10:00Z;36;10;48;ConsellDeCent Rocafort;110_4
2022-09-12T16:10:00Z;94;7;68;Valencia EnriqueGranados;110_2
2022-09-12T16:10:00Z;34;6;25;Valencia Rocafort;110_1
2022-09-12T16:10:00Z;49;26;162;ConsellDeCent Girona;110_8
2022-09-12T16:15:00Z;58;3;22;Valencia Rocafort;110_1
2022-09-12T16:15:00Z;142;11;55;Valencia EnriqueGranados;110_2
2022-09-12T16:15:00Z;66;2;23;ConsellDeCent CompteBorrell;110_5
2022-09-12T16:15:00Z;56;23;152;ConsellDeCent Girona;110_8
2022-09-12T16:15:00Z;40;15;53;ConsellDeCent Rocafort;110_4
2022-09-12T16:15:00Z;29;11;108;ConsellDeCent EnriqueGranados;110_6
2022-09-12T16:20:00Z;39;7;36;ConsellDeCent Rocafort;110_4
2022-09-12T16:20:00Z;57;6;29;ConsellDeCent CompteBorrell;110_5
2022-09-12T16:20:00Z;77;5;26;Valencia Rocafort;110_1
2022-09-12T16:20:00Z;20;25;84;ConsellDeCent EnriqueGranados;110_6
2022-09-12T16:20:00Z;136;4;106;Valencia EnriqueGranados;110_2
2022-09-12T16:20:00Z;59;29;157;ConsellDeCent Girona;110_8
2022-09-12T16:25:00Z;37;4;11;ConsellDeCent CompteBorrell;110_5
2022-09-12T16:25:00Z;16;9;33;Valencia Rocafort;110_1
2022-09-12T16:25:00Z;33;12;50;ConsellDeCent Rocafort;110_4
2022-09-12T16:25:00Z;25;15;121;ConsellDeCent EnriqueGranados;110_6
2022-09-12T16:25:00Z;118;9;86;Valencia EnriqueGranados;110_2
2022-09-12T16:25:00Z;50;28;135;ConsellDeCent Girona;110_8
2022-09-12T16:30:00Z;29;13;162;ConsellDeCent EnriqueGranados;110_6
2022-09-12T16:30:00Z;112;9;63;Valencia EnriqueGranados;110_2
2022-09-12T16:30:00Z;34;7;24;Valencia Rocafort;110_1
2022-09-12T16:30:00Z;48;6;35;ConsellDeCent CompteBorrell;110_5
2022-09-12T16:30:00Z;60;13;63;ConsellDeCent Rocafort;110_4
2022-09-12T16:35:00Z;42;8;29;ConsellDeCent CompteBorrell;110_5
2022-09-12T16:35:00Z;34;12;142;ConsellDeCent EnriqueGranados;110_6
2022-09-12T16:35:00Z;32;3;26;Valencia Rocafort;110_1
2022-09-12T16:35:00Z;113;14;47;Valencia EnriqueGranados;110_2
2022-09-12T16:35:00Z;41;15;36;ConsellDeCent Rocafort;110_4
2022-09-12T16:40:00Z;24;8;35;ConsellDeCent CompteBorrell;110_5
2022-09-12T16:40:00Z;50;15;158;ConsellDeCent EnriqueGranados;110_6
2022-09-12T16:40:00Z;125;8;83;Valencia EnriqueGranados;110_2
2022-09-12T16:40:00Z;35;4;31;Valencia Rocafort;110_1
2022-09-12T16:40:00Z;40;15;52;ConsellDeCent Rocafort;110_4
2022-09-12T16:45:00Z;12;7;27;Valencia Rocafort;110_1
2022-09-12T16:45:00Z;36;16;59;ConsellDeCent Rocafort;110_4
2022-09-12T16:45:00Z;110;18;42;Valencia EnriqueGranados;110_2
2022-09-12T16:45:00Z;45;6;36;ConsellDeCent CompteBorrell;110_5
2022-09-12T16:45:00Z;38;23;158;ConsellDeCent EnriqueGranados;110_6
2022-09-12T16:50:00Z;53;16;44;ConsellDeCent Rocafort;110_4
2022-09-12T16:50:00Z;124;10;43;Valencia EnriqueGranados;110_2
2022-09-12T16:50:00Z;41;25;147;ConsellDeCent EnriqueGranados;110_6
2022-09-12T16:50:00Z;57;6;43;ConsellDeCent CompteBorrell;110_5
2022-09-12T16:55:00Z;54;14;145;ConsellDeCent EnriqueGranados;110_6
2022-09-12T16:55:00Z;41;12;35;ConsellDeCent CompteBorrell;110_5
2022-09-12T16:55:00Z;117;7;70;Valencia EnriqueGranados;110_2
2022-09-12T16:55:00Z;51;15;73;ConsellDeCent Rocafort;110_4
2022-09-12T17:00:00Z;37;18;99;ConsellDeCent EnriqueGranados;110_6
2022-09-12T17:00:00Z;35;13;32;ConsellDeCent CompteBorrell;110_5
2022-09-12T17:00:00Z;115;5;83;Valencia EnriqueGranados;110_2
2022-09-12T17:00:00Z;32;16;66;ConsellDeCent Rocafort;110_4
2022-09-12T17:05:00Z;45;17;59;ConsellDeCent Rocafort;110_4
2022-09-12T17:05:00Z;36;7;94;ConsellDeCent EnriqueGranados;110_6
2022-09-12T17:05:00Z;124;7;66;Valencia EnriqueGranados;110_2
2022-09-12T17:05:00Z;49;6;32;ConsellDeCent CompteBorrell;110_5
2022-09-12T17:10:00Z;38;16;43;ConsellDeCent Rocafort;110_4
2022-09-12T17:10:00Z;52;17;162;ConsellDeCent EnriqueGranados;110_6
2022-09-12T17:10:00Z;37;8;51;ConsellDeCent CompteBorrell;110_5
2022-09-12T17:10:00Z;115;8;51;Valencia EnriqueGranados;110_2
2022-09-12T17:15:00Z;48;9;62;ConsellDeCent Rocafort;110_4
2022-09-12T17:15:00Z;41;10;115;ConsellDeCent EnriqueGranados;110_6
2022-09-12T17:15:00Z;39;9;31;ConsellDeCent CompteBorrell;110_5
2022-09-12T17:15:00Z;134;11;52;Valencia EnriqueGranados;110_2
2022-09-12T17:20:00Z;141;11;70;Valencia EnriqueGranados;110_2
2022-09-12T17:20:00Z;45;12;44;ConsellDeCent CompteBorrell;110_5
2022-09-12T17:20:00Z;39;11;124;ConsellDeCent EnriqueGranados;110_6
2022-09-12T17:20:00Z;58;25;77;ConsellDeCent Rocafort;110_4
2022-09-12T17:25:00Z;142;14;62;Valencia EnriqueGranados;110_2
2022-09-12T17:25:00Z;69;21;39;ConsellDeCent CompteBorrell;110_5
2022-09-12T17:25:00Z;44;8;51;ConsellDeCent Rocafort;110_4
2022-09-12T17:25:00Z;30;16;124;ConsellDeCent EnriqueGranados;110_6
2022-09-12T17:30:00Z;64;5;14;ConsellDeCent CompteBorrell;110_5
2022-09-12T17:30:00Z;38;12;62;ConsellDeCent Rocafort;110_4
2022-09-12T17:30:00Z;37;18;130;ConsellDeCent EnriqueGranados;110_6
2022-09-12T17:30:00Z;140;15;52;Valencia EnriqueGranados;110_2
2022-09-12T17:35:00Z;34;20;134;ConsellDeCent EnriqueGranados;110_6
2022-09-12T17:35:00Z;66;7;35;ConsellDeCent CompteBorrell;110_5
2022-09-12T17:35:00Z;134;10;55;Valencia EnriqueGranados;110_2
2022-09-12T17:35:00Z;39;16;66;ConsellDeCent Rocafort;110_4
2022-09-12T17:40:00Z;163;15;72;Valencia EnriqueGranados;110_2
2022-09-12T17:40:00Z;35;19;108;ConsellDeCent EnriqueGranados;110_6
2022-09-12T17:40:00Z;64;14;23;ConsellDeCent CompteBorrell;110_5
2022-09-12T17:40:00Z;45;15;74;ConsellDeCent Rocafort;110_4
2022-09-12T17:45:00Z;91;10;62;ConsellDeCent CompteBorrell;110_5
2022-09-12T17:45:00Z;43;19;138;ConsellDeCent EnriqueGranados;110_6
2022-09-12T17:45:00Z;34;12;77;ConsellDeCent Rocafort;110_4
2022-09-12T17:50:00Z;106;10;66;ConsellDeCent CompteBorrell;110_5
2022-09-12T17:50:00Z;40;15;88;ConsellDeCent Rocafort;110_4
2022-09-12T17:50:00Z;38;33;196;ConsellDeCent EnriqueGranados;110_6
2022-09-12T17:55:00Z;77;26;127;ConsellDeCent Rocafort;110_4
2022-09-12T17:55:00Z;39;40;140;ConsellDeCent EnriqueGranados;110_6
2022-09-12T17:55:00Z;96;17;65;ConsellDeCent CompteBorrell;110_5
2022-09-12T18:00:00Z;50;18;109;ConsellDeCent Rocafort;110_4
2022-09-12T18:00:00Z;54;9;48;ConsellDeCent CompteBorrell;110_5
2022-09-12T18:00:00Z;50;35;181;ConsellDeCent EnriqueGranados;110_6
2022-09-12T18:05:00Z;60;21;124;ConsellDeCent EnriqueGranados;110_6
2022-09-12T18:05:00Z;50;8;101;ConsellDeCent Rocafort;110_4
2022-09-12T18:05:00Z;64;12;37;ConsellDeCent CompteBorrell;110_5
2022-09-12T18:10:00Z;66;18;149;ConsellDeCent EnriqueGranados;110_6
2022-09-12T18:10:00Z;84;13;69;ConsellDeCent CompteBorrell;110_5
2022-09-12T18:10:00Z;54;10;94;ConsellDeCent Rocafort;110_4
2022-09-12T18:15:00Z;61;10;62;ConsellDeCent CompteBorrell;110_5
2022-09-12T18:15:00Z;62;21;117;ConsellDeCent Rocafort;110_4
2022-09-12T18:15:00Z;7;1;16;Valencia Rocafort;110_1
2022-09-12T18:15:00Z;70;19;170;ConsellDeCent EnriqueGranados;110_6
2022-09-12T18:20:00Z;60;12;62;ConsellDeCent CompteBorrell;110_5
2022-09-12T18:20:00Z;36;3;40;Valencia Rocafort;110_1
2022-09-12T18:20:00Z;56;14;97;ConsellDeCent EnriqueGranados;110_6
2022-09-12T18:20:00Z;68;23;96;ConsellDeCent Rocafort;110_4
2022-09-12T18:25:00Z;58;18;151;ConsellDeCent EnriqueGranados;110_6
2022-09-12T18:25:00Z;63;15;117;ConsellDeCent Rocafort;110_4
2022-09-12T18:25:00Z;28;2;18;Valencia Rocafort;110_1
2022-09-12T18:25:00Z;66;9;68;ConsellDeCent CompteBorrell;110_5
2022-09-12T18:30:00Z;39;3;15;Valencia Rocafort;110_1
2022-09-12T18:30:00Z;68;12;88;ConsellDeCent EnriqueGranados;110_6
2022-09-12T18:30:00Z;81;9;64;ConsellDeCent CompteBorrell;110_5
2022-09-12T18:30:00Z;56;9;116;ConsellDeCent Rocafort;110_4
2022-09-12T18:35:00Z;64;14;114;ConsellDeCent Rocafort;110_4
2022-09-12T18:35:00Z;53;7;30;Valencia Rocafort;110_1
2022-09-12T18:35:00Z;65;14;110;ConsellDeCent EnriqueGranados;110_6
2022-09-12T18:35:00Z;67;18;72;ConsellDeCent CompteBorrell;110_5
2022-09-12T18:40:00Z;80;9;79;ConsellDeCent CompteBorrell;110_5
2022-09-12T18:40:00Z;62;13;96;ConsellDeCent Rocafort;110_4
2022-09-12T18:40:00Z;54;24;157;ConsellDeCent EnriqueGranados;110_6
2022-09-12T18:40:00Z;46;1;33;Valencia Rocafort;110_1
2022-09-12T18:45:00Z;72;15;80;ConsellDeCent CompteBorrell;110_5
2022-09-12T18:45:00Z;47;18;109;ConsellDeCent EnriqueGranados;110_6
2022-09-12T18:45:00Z;52;2;30;Valencia Rocafort;110_1
2022-09-12T18:45:00Z;68;18;137;ConsellDeCent Rocafort;110_4
2022-09-12T18:50:00Z;65;18;99;ConsellDeCent Rocafort;110_4
2022-09-12T18:50:00Z;78;9;73;ConsellDeCent CompteBorrell;110_5
2022-09-12T18:50:00Z;53;7;39;Valencia Rocafort;110_1
2022-09-12T18:50:00Z;49;25;141;ConsellDeCent EnriqueGranados;110_6
2022-09-12T18:55:00Z;55;5;53;Valencia Rocafort;110_1
2022-09-12T18:55:00Z;75;18;90;ConsellDeCent CompteBorrell;110_5
2022-09-12T18:55:00Z;60;28;179;ConsellDeCent EnriqueGranados;110_6
2022-09-12T18:55:00Z;52;15;108;ConsellDeCent Rocafort;110_4
2022-09-12T19:00:00Z;71;11;71;Valencia Rocafort;110_1
2022-09-12T19:00:00Z;57;24;158;ConsellDeCent EnriqueGranados;110_6
2022-09-12T19:00:00Z;52;23;133;ConsellDeCent Rocafort;110_4
2022-09-12T19:00:00Z;65;8;65;ConsellDeCent CompteBorrell;110_5
2022-09-12T19:05:00Z;44;4;46;Valencia Rocafort;110_1
2022-09-12T19:05:00Z;52;23;107;ConsellDeCent Rocafort;110_4
2022-09-12T19:05:00Z;58;19;145;ConsellDeCent EnriqueGranados;110_6
2022-09-12T19:05:00Z;65;18;90;ConsellDeCent CompteBorrell;110_5
2022-09-12T19:10:00Z;72;8;91;ConsellDeCent CompteBorrell;110_5
2022-09-12T19:10:00Z;61;2;46;Valencia Rocafort;110_1
2022-09-12T19:10:00Z;68;42;207;ConsellDeCent EnriqueGranados;110_6
2022-09-12T19:10:00Z;57;11;94;ConsellDeCent Rocafort;110_4
2022-09-12T19:15:00Z;86;10;80;ConsellDeCent CompteBorrell;110_5
2022-09-12T19:15:00Z;69;5;61;Valencia Rocafort;110_1
2022-09-12T19:15:00Z;51;20;135;ConsellDeCent Rocafort;110_4
2022-09-12T19:15:00Z;66;35;194;ConsellDeCent EnriqueGranados;110_6
2022-09-12T19:20:00Z;85;23;46;ConsellDeCent CompteBorrell;110_5
2022-09-12T19:20:00Z;55;22;110;ConsellDeCent Rocafort;110_4
2022-09-12T19:20:00Z;57;26;172;ConsellDeCent EnriqueGranados;110_6
2022-09-12T19:20:00Z;47;1;39;Valencia Rocafort;110_1
2022-09-12T19:25:00Z;82;7;51;ConsellDeCent CompteBorrell;110_5
2022-09-12T19:25:00Z;65;23;159;ConsellDeCent Rocafort;110_4
2022-09-12T19:25:00Z;53;47;179;ConsellDeCent EnriqueGranados;110_6
2022-09-12T19:30:00Z;82;8;86;ConsellDeCent CompteBorrell;110_5
2022-09-12T19:30:00Z;72;43;212;ConsellDeCent EnriqueGranados;110_6
2022-09-12T19:30:00Z;57;19;106;ConsellDeCent Rocafort;110_4
2022-09-12T19:35:00Z;72;18;92;ConsellDeCent CompteBorrell;110_5
2022-09-12T19:35:00Z;51;26;150;ConsellDeCent Rocafort;110_4
2022-09-12T19:35:00Z;70;28;190;ConsellDeCent EnriqueGranados;110_6
2022-09-12T19:40:00Z;58;48;198;ConsellDeCent EnriqueGranados;110_6
2022-09-12T19:40:00Z;68;30;135;ConsellDeCent Rocafort;110_4
2022-09-12T19:40:00Z;59;13;104;ConsellDeCent CompteBorrell;110_5
2022-09-12T19:45:00Z;52;43;230;ConsellDeCent EnriqueGranados;110_6
2022-09-12T19:45:00Z;63;14;138;ConsellDeCent CompteBorrell;110_5
2022-09-12T19:45:00Z;39;21;142;ConsellDeCent Rocafort;110_4
2022-09-12T19:50:00Z;60;23;152;ConsellDeCent Rocafort;110_4
2022-09-12T19:50:00Z;38;14;126;ConsellDeCent CompteBorrell;110_5
2022-09-12T19:50:00Z;72;33;172;ConsellDeCent EnriqueGranados;110_6
2022-09-12T19:55:00Z;73;32;225;ConsellDeCent EnriqueGranados;110_6
2022-09-12T19:55:00Z;51;9;72;ConsellDeCent CompteBorrell;110_5
2022-09-12T19:55:00Z;51;19;143;ConsellDeCent Rocafort;110_4
2022-09-12T20:00:00Z;59;37;164;ConsellDeCent EnriqueGranados;110_6
2022-09-12T20:00:00Z;64;12;114;ConsellDeCent CompteBorrell;110_5
2022-09-12T20:00:00Z;41;18;160;ConsellDeCent Rocafort;110_4
2022-09-12T20:05:00Z;38;17;154;ConsellDeCent Rocafort;110_4
2022-09-12T20:05:00Z;62;54;258;ConsellDeCent EnriqueGranados;110_6
2022-09-12T20:05:00Z;72;12;98;ConsellDeCent CompteBorrell;110_5
2022-09-12T20:10:00Z;54;21;138;ConsellDeCent Rocafort;110_4
2022-09-12T20:10:00Z;75;34;189;ConsellDeCent EnriqueGranados;110_6
2022-09-12T20:10:00Z;69;21;139;ConsellDeCent CompteBorrell;110_5
2022-09-12T20:15:00Z;52;32;217;ConsellDeCent EnriqueGranados;110_6
2022-09-12T20:15:00Z;62;20;121;ConsellDeCent Rocafort;110_4
2022-09-12T20:15:00Z;76;10;79;ConsellDeCent CompteBorrell;110_5
2022-09-12T20:20:00Z;79;12;152;ConsellDeCent CompteBorrell;110_5
2022-09-12T20:20:00Z;50;40;202;ConsellDeCent EnriqueGranados;110_6
2022-09-12T20:20:00Z;58;24;117;ConsellDeCent Rocafort;110_4
2022-09-12T20:25:00Z;70;18;109;ConsellDeCent CompteBorrell;110_5
2022-09-12T20:25:00Z;61;26;149;ConsellDeCent Rocafort;110_4
2022-09-12T20:25:00Z;43;27;246;ConsellDeCent EnriqueGranados;110_6
2022-09-12T20:30:00Z;37;33;277;ConsellDeCent EnriqueGranados;110_6
2022-09-12T20:30:00Z;54;20;138;ConsellDeCent Rocafort;110_4
2022-09-12T20:30:00Z;92;9;120;ConsellDeCent CompteBorrell;110_5
2022-09-12T20:35:00Z;57;27;214;ConsellDeCent EnriqueGranados;110_6
2022-09-12T20:35:00Z;63;3;85;ConsellDeCent CompteBorrell;110_5
2022-09-12T20:35:00Z;44;10;134;ConsellDeCent Rocafort;110_4
2022-09-12T20:40:00Z;43;15;125;ConsellDeCent Rocafort;110_4
2022-09-12T20:40:00Z;68;8;109;ConsellDeCent CompteBorrell;110_5
2022-09-12T20:40:00Z;62;37;212;ConsellDeCent EnriqueGranados;110_6
2022-09-12T20:45:00Z;74;10;124;ConsellDeCent CompteBorrell;110_5
2022-09-12T20:45:00Z;42;19;148;ConsellDeCent Rocafort;110_4
2022-09-12T20:45:00Z;44;59;235;ConsellDeCent EnriqueGranados;110_6
2022-09-12T20:50:00Z;44;50;250;ConsellDeCent EnriqueGranados;110_6
2022-09-12T20:50:00Z;59;10;114;ConsellDeCent CompteBorrell;110_5
2022-09-12T20:50:00Z;59;19;127;ConsellDeCent Rocafort;110_4
2022-09-12T20:55:00Z;53;24;256;ConsellDeCent EnriqueGranados;110_6
2022-09-12T20:55:00Z;53;6;106;ConsellDeCent CompteBorrell;110_5
2022-09-12T20:55:00Z;57;33;150;ConsellDeCent Rocafort;110_4
2022-09-12T21:00:00Z;37;29;212;ConsellDeCent EnriqueGranados;110_6
2022-09-12T21:00:00Z;43;9;132;ConsellDeCent CompteBorrell;110_5
2022-09-12T21:00:00Z;61;26;122;ConsellDeCent Rocafort;110_4
2022-09-12T21:05:00Z;67;28;170;ConsellDeCent Rocafort;110_4
2022-09-12T21:05:00Z;33;28;184;ConsellDeCent EnriqueGranados;110_6
2022-09-12T21:05:00Z;45;13;150;ConsellDeCent CompteBorrell;110_5
2022-09-12T21:10:00Z;37;17;120;ConsellDeCent CompteBorrell;110_5
2022-09-12T21:10:00Z;41;34;192;ConsellDeCent EnriqueGranados;110_6
2022-09-12T21:10:00Z;55;32;120;ConsellDeCent Rocafort;110_4
2022-09-12T21:15:00Z;56;8;113;ConsellDeCent CompteBorrell;110_5
2022-09-12T21:15:00Z;33;13;156;ConsellDeCent Rocafort;110_4
2022-09-12T21:15:00Z;42;29;187;ConsellDeCent EnriqueGranados;110_6
2022-09-12T21:20:00Z;41;19;152;ConsellDeCent CompteBorrell;110_5
2022-09-12T21:20:00Z;54;19;145;ConsellDeCent Rocafort;110_4
2022-09-12T21:20:00Z;36;33;195;ConsellDeCent EnriqueGranados;110_6
2022-09-12T21:25:00Z;41;40;177;ConsellDeCent EnriqueGranados;110_6
2022-09-12T21:25:00Z;62;20;146;ConsellDeCent Rocafort;110_4
2022-09-12T21:25:00Z;71;13;112;ConsellDeCent CompteBorrell;110_5
2022-09-12T21:30:00Z;52;8;86;ConsellDeCent CompteBorrell;110_5
2022-09-12T21:30:00Z;26;25;238;ConsellDeCent EnriqueGranados;110_6
2022-09-12T21:30:00Z;36;18;146;ConsellDeCent Rocafort;110_4
2022-09-12T21:35:00Z;42;23;97;ConsellDeCent Rocafort;110_4
2022-09-12T21:35:00Z;41;32;227;ConsellDeCent EnriqueGranados;110_6
2022-09-12T21:35:00Z;55;7;126;ConsellDeCent CompteBorrell;110_5
2022-09-12T21:40:00Z;55;12;148;ConsellDeCent CompteBorrell;110_5
2022-09-12T21:40:00Z;51;25;135;ConsellDeCent Rocafort;110_4
2022-09-12T21:40:00Z;30;28;213;ConsellDeCent EnriqueGranados;110_6
2022-09-12T21:45:00Z;31;37;214;ConsellDeCent EnriqueGranados;110_6
2022-09-12T21:45:00Z;38;17;134;ConsellDeCent Rocafort;110_4
2022-09-12T21:45:00Z;47;14;92;ConsellDeCent CompteBorrell;110_5
2022-09-12T21:50:00Z;40;22;119;ConsellDeCent Rocafort;110_4
2022-09-12T21:50:00Z;58;10;102;ConsellDeCent CompteBorrell;110_5
2022-09-12T21:50:00Z;20;28;127;ConsellDeCent EnriqueGranados;110_6
2022-09-12T21:55:00Z;39;37;175;ConsellDeCent EnriqueGranados;110_6
2022-09-12T21:55:00Z;55;18;107;ConsellDeCent CompteBorrell;110_5
2022-09-12T22:00:00Z;69;26;102;ConsellDeCent CompteBorrell;110_5
2022-09-12T22:00:00Z;28;25;168;ConsellDeCent EnriqueGranados;110_6
2022-09-12T22:05:00Z;48;15;87;ConsellDeCent CompteBorrell;110_5
2022-09-12T22:05:00Z;24;21;172;ConsellDeCent EnriqueGranados;110_6
2022-09-12T22:10:00Z;28;11;184;ConsellDeCent EnriqueGranados;110_6
2022-09-12T22:10:00Z;60;9;92;ConsellDeCent CompteBorrell;110_5
2022-09-12T22:15:00Z;21;25;175;ConsellDeCent EnriqueGranados;110_6
2022-09-12T22:15:00Z;45;5;69;ConsellDeCent CompteBorrell;110_5
2022-09-12T22:20:00Z;15;21;173;ConsellDeCent EnriqueGranados;110_6
2022-09-12T22:20:00Z;55;9;80;ConsellDeCent CompteBorrell;110_5
2022-09-12T22:25:00Z;41;17;96;ConsellDeCent CompteBorrell;110_5
2022-09-12T22:25:00Z;19;19;132;ConsellDeCent EnriqueGranados;110_6
2022-09-12T22:30:00Z;53;14;63;ConsellDeCent CompteBorrell;110_5
2022-09-12T22:30:00Z;19;15;111;ConsellDeCent EnriqueGranados;110_6
2022-09-12T22:35:00Z;59;10;62;ConsellDeCent CompteBorrell;110_5
2022-09-12T22:35:00Z;18;15;117;ConsellDeCent EnriqueGranados;110_6
2022-09-12T22:40:00Z;21;30;156;ConsellDeCent EnriqueGranados;110_6
2022-09-12T22:40:00Z;51;7;56;ConsellDeCent CompteBorrell;110_5
2022-09-12T22:45:00Z;18;10;81;ConsellDeCent EnriqueGranados;110_6
2022-09-12T22:45:00Z;47;5;62;ConsellDeCent CompteBorrell;110_5
2022-09-12T22:50:00Z;51;13;76;ConsellDeCent CompteBorrell;110_5
2022-09-12T22:50:00Z;11;13;74;ConsellDeCent EnriqueGranados;110_6
2022-09-12T22:55:00Z;26;15;81;ConsellDeCent EnriqueGranados;110_6
2022-09-12T22:55:00Z;67;5;51;ConsellDeCent CompteBorrell;110_5
2022-09-12T23:00:00Z;8;9;95;ConsellDeCent EnriqueGranados;110_6
2022-09-12T23:00:00Z;65;5;33;ConsellDeCent CompteBorrell;110_5
2022-09-12T23:05:00Z;14;14;136;ConsellDeCent EnriqueGranados;110_6
2022-09-12T23:05:00Z;40;3;20;ConsellDeCent CompteBorrell;110_5
2022-09-12T23:10:00Z;21;23;74;ConsellDeCent EnriqueGranados;110_6
2022-09-12T23:10:00Z;45;2;26;ConsellDeCent CompteBorrell;110_5
2022-09-12T23:15:00Z;52;9;37;ConsellDeCent CompteBorrell;110_5
2022-09-12T23:15:00Z;21;15;83;ConsellDeCent EnriqueGranados;110_6
2022-09-12T23:20:00Z;77;4;33;ConsellDeCent CompteBorrell;110_5
2022-09-12T23:20:00Z;24;12;88;ConsellDeCent EnriqueGranados;110_6
2022-09-12T23:25:00Z;22;19;151;ConsellDeCent EnriqueGranados;110_6
2022-09-12T23:25:00Z;49;1;11;ConsellDeCent CompteBorrell;110_5
2022-09-12T23:30:00Z;35;11;181;ConsellDeCent EnriqueGranados;110_6
2022-09-12T23:30:00Z;81;10;40;ConsellDeCent CompteBorrell;110_5
2022-09-12T23:35:00Z;20;15;166;ConsellDeCent EnriqueGranados;110_6
2022-09-12T23:35:00Z;75;8;34;ConsellDeCent CompteBorrell;110_5
2022-09-12T23:40:00Z;40;1;23;ConsellDeCent CompteBorrell;110_5
2022-09-12T23:40:00Z;14;9;152;ConsellDeCent EnriqueGranados;110_6
2022-09-12T23:45:00Z;14;10;115;ConsellDeCent EnriqueGranados;110_6
2022-09-12T23:45:00Z;36;7;10;ConsellDeCent CompteBorrell;110_5
2022-09-12T23:50:00Z;7;11;129;ConsellDeCent EnriqueGranados;110_6
2022-09-12T23:50:00Z;59;11;23;ConsellDeCent CompteBorrell;110_5
2022-09-12T23:55:00Z;59;3;9;ConsellDeCent CompteBorrell;110_5
